0x269616d549d7e8eaa82dfb17028d0b212d11232a,0x0463a06fbc8bf28b3f120cd1bfc59483f099d332,0xb47e3cd837ddf8e4c57f05d70ab865de6e193bbb,cryptopunks
0xdcdc1c1cc33aa817cbdbe8f5e2390bf7cc43dc4b,0xf3d4206b8f2b7c63290661c99a2b494aef3b8c30,0xf3e778f839934fc819cfa1040aabacecba01e049,avastar
0xea47b64e1bfccb773a0420247c0aa0a3c1d2e5c5,0xd829de54877e0b66a2c3890b702fa5df2245203e,0xbc4ca0eda7647a8ab7c2061c2e118a18a936f13d,boredapeyachtclub
0xf0fe1a87abf12099b77352bdcc10f5a87067b290,0x3268125299930de4888273d835a3e74b3c1f6c08,0xec9c519d49856fd2f8133a0741b4dbe002ce211b,bonsai-zenft
0xd70240dd62f4ea9a6a2416e0073d72139489d2aa,0x0d9f9c919f1b66a8587a5637b8d1a6a6c5854380,0xd4e4078ca3495de5b1d4db434bebc5a986197782,autoglyphs
0x9b9fb226e98c4e90db2830c9aefa9cfcbe3b000a,0x4c8ad9cc39a619bc7d1c48afcf6f2831298017a9,0x06012c8cf97bead5deae237070f9587f8e7a266d,cryptokitties
0xc7a8b45e184138114e6085c82936a8db93dd156a,0x38e03a5fb1b1a18d47b364cdd7cdce606397c72c,0xc2c747e0f7004f9e8817db2ca4997657a7746928,hashmasks
0x641927e970222b10b2e8cdbc96b1b4f427316f16,0xe339c1d0a744053cbceb0d2dc2d13967c8a69586,0x7bd29408f11d2bfc23c34f18275bbf23bb716bc7,meebits
0x13edcc775f8895961b81db5c0205889b3afb3a16,0x2649e4e5c5c09945c92094db95b0509d2b9f9499,0xa7d8d9ef8d8ce8992df33d8b8cf4aebabd5bd270,qxj0iejsb2nrcybqdxjnyxrvcnk
0x87009c9edfd61b82e848ea758d1fa775db340c33,0xc108c7e595abe99bb0dcd7cf330d068d138fd4f9,0xa7d8d9ef8d8ce8992df33d8b8cf4aebabd5bd270,qxj0iejsb2nrcybqdxjnyxrvcnk
0xe7f4c89032a2488d327323548ab0459676269331,0xd9f21104a0ab4bb2bc70774d4472b3c885fd022c,0x2216d47494e516d8206b70fca8585820ed3c4946,waifusion
0xe632e1ea781df32c60ab11052958744cbfbc439a,0xc473dfd2d18caa67559a921231c0654f1a3246e8,0xba30e5f9bb24caa003e9f2f0497ad287fdf95623,bored-ape-kennel-club
0xc3b5284b2c0cfa1871a6ac63b6d6ee43c08bdc79,0xc6045a0d921f9d52d58f2a330e455919231ff1d0,0x31385d3520bced94f77aae104b406994d8f2168c,bastard-gan-punks-v2
0x33e70c9efabdf151f5c674a4addc104874980c3f,0xdf306ad1ffda7de3f81585de2100bd027bf13baf,0xe5545fa0636a82c0b37c7db62e2104e69a11d062,genbit-bunnies
0xc443930ecd59e55e42efe976b8a4ba0658f5c50a,0x6f104e9a0becca539f3c13ec5b8e6d56fe3cd526,0xf78296dfcf01a2612c2c847f68ad925801eeed80,myfuckingpickle
0xeab3a34182fea26bdb1d92c671883ee9c90b9976,0xeec24fd3d29976a8bf56372f6b264e3d208f1937,0x1cbb182322aee8ce9f4f1f98d7460173ee30af1f,polymorphs
0xcc3f1441e84f124a65bc9798a69a5c4cebc20dff,0x2ca60bbeffe98ea4091cdfd7288900fa02d811bf,0x1cbb182322aee8ce9f4f1f98d7460173ee30af1f,polymorphs
0xd6f7db7db116170ecb1c3b35f12c1e693ba70586,0x4e3a2e7ef220222f76d9d5935921eb8c06e7c5b9,0x97ca7fe0b0288f5eb85f386fed876618fb9b8ab8,ether-cards-founder
0xcda16f62a8d3127ea0aebfacb221c1cc41b8e488,0x877e68865d32d585cbe3de0ee7187a8495403bd1,0xa7d8d9ef8d8ce8992df33d8b8cf4aebabd5bd270,qxj0iejsb2nrcybqdxjnyxrvcnk
0x478e677c0bd24c848bd591cc5273383dd5f30e4a,0xa66d3ba4d4dd364a42231e034cc2d9ca293bb80c,0xa7d8d9ef8d8ce8992df33d8b8cf4aebabd5bd270,qxj0iejsb2nrcybqdxjnyxrvcnk
0xcd9b72f6e971026ea8609d2918c7bd02e1653945,0x261c62f8f28206810ff1d1a5e1aee7c463a0ffc7,0xa7d8d9ef8d8ce8992df33d8b8cf4aebabd5bd270,qxj0iejsb2nrcybqdxjnyxrvcnk
0xeb5a8eefdae23a815072bf28de8114a825c27876,0x1c1f3cb481c6ea4d02df1caba41a4bdebac840a6,0xa7d8d9ef8d8ce8992df33d8b8cf4aebabd5bd270,qxj0iejsb2nrcybqdxjnyxrvcnk
0xfde98a3bf5c7f6336ae4ce1b43148aeab7b7c89a,0xd99c553548fc9fb472ea145add5c45b482d909de,0xa7d8d9ef8d8ce8992df33d8b8cf4aebabd5bd270,qxj0iejsb2nrcybqdxjnyxrvcnk
0x5a235c0b4cb8d0e80a5c3bf4d2fad5c32e440884,0x6d150646512174e191f6df5746a48b68d48020cb,0x57a204aa1042f6e66dd7730813f4024114d74f37,cyberkongz
0x87931e7ad81914e7898d07c68f145fc0a553d8fb,0x0a2f9b5360b5c7b6d3ce826971425b3b8b766519,0x521f9c7505005cfa19a8e5786a9c3c9c9f5e6f42,forgottenruneswizardscult
0x98968f0747e0a261532cacc0be296375f5c08398,0x0aa1e808bba7cde5210d13d23ee726de37b8a8bb,0xc3f733ca98e0dad0386979eb96fb1722a1a05e69,acclimatedmooncats
0x42b4df7e402a71eae743c6c5410ce3bbb63aef22,0x8180b2629d6589ef40fb566b14d8cdccc3e51ae4,0x3e86e26915403ae0e1cff7e7b23377b3a30104a0,hd--punks
0x8d137e3337eb1b58a222fef2b2cc7c423903d9cf,0x698abbbc986c59d02941e18bc96fe2396493339b,0x059edd72cd353df5106d2b9cc5ab83a52287ac3a,qxj0iejsb2nrcybqdxjnyxrvcnk
0x3fd1f9f2de01c9444df368bd7e63a3c0076df125,0x07e2a6d2ff43ed267ed7cf0cd828a41ff45a00bb,0xd07dc4262bcdbf85190c01c996b4c06a461d2430,rarible
0xb3b4431f812a74bdfc148d6bddfadecdc63fc083,0x1141ef87fd0c334924e590ce3ff7ce334b46ba82,0xd07dc4262bcdbf85190c01c996b4c06a461d2430,rarible
0xab824eff029bb54a5fe1345dd8bc3c90c6e2402a,0x6f91d719ffafa4b26e25f68be02ee1b58a9f6de6,0x4ad2d817b60db6ee79c1ae016429251a0d25423f,cryptotrunks
0x114f1388fab456c4ba31b1850b244eedcd024136,0x0225e940deecc32a8d7c003cfb7dae22af18460c,0x1a92f7381b9f03921564a437210bb9396471050c,cool-cats-nft
0x58fa76519187a6505e1aea09f7e4cab9727be124,0x579496218cf0cd03c76081b03cf5611aeb0e2609,0xa6e5454d11b626ae5a3a02f45d7e5391af256163,risk-volumes
0xd53998c536fc8b59b38aa0b49dbd8170d5ebf4c2,0xdbd066eb840bd2f2c1e040cfb36819f1cc68bab0,0x4e8e31d6c6d55125e9139859aa2339f8633fba7a,cryptopups-gen-0
0xb39185e33e8c28e0bb3dbbce24da5dea6379ae91,0xd3e31f8aac930e354283ca3efda1e22525f98af1,0xf07468ead8cf26c752c676e43c814fee9c8cf402,crypto-phunks
0xee2d5cb83d6d9c71b1ff3fe9ba7688c7775c00ba,0xf7486deaf3052673e4cac3ad28c40c8fc6aadba2,0xa98771a46dcb34b34cdad5355718f8a97c8e603e,eulerbeats-enigma
0xe944f2b46fcfc9d0e887bbeaad95268d9416d0fd,0x22e7086e37dcd1e9400986d5e2ebace86c0a9f08,0xfc221ad0f3212c2967f7642cc320e67da13a2000,strawberrywtf
0x63aa9d05c025279f8e963ba784f1254814c1e12b,0xdde99f3603f3aaa671d77f2f89df283fe23b722b,0x50f5474724e0ee42d9a4e711ccfb275809fd6d4a,sandbox
0x1b7d27361dc7163a55de5c31e1dd4bb08d793b1b,0xb3f5404e21f998b4c0336eb6e6633b7792b5bb8c,0x14f03368b43e3a3d27d45f84fabd61cc07ea5da3,luckymaneki
0xc716cf01532999e5df45e1bd09743128c5932821,0xb142d6ad3710f1aa6b4ee9f8b50efe62e1de5649,0x14f03368b43e3a3d27d45f84fabd61cc07ea5da3,luckymaneki
0x1b9aa0b63e0f025cd544e4d350ed81429b43b724,0x8fbc72b5c586d0c00714f72e8a1fa0122d1625b7,0xd2d2a84f0eb587f70e181a0c4b252c2c053f80cb,toshimon-minter
0xc73b038246d6694f1a03b6657bd167a28029ece6,0x293395ba5ab82bb36bd515b0d1f738b7c4136fdf,0x0427743df720801825a5c82e0582b1e915e0f750,0xmons-xyz
0x413f6a89ddb823974f24f2e3cd3b4f467d3bbb38,0x9ef438de832948d651d09dae8bdd1e0b9d9859a3,0xc7e5e9434f4a71e6db978bd65b4d61d3593e5f27,alpacacity
0xcd46d92c46be1dbbd5ccc497e95611abe9d507bc,0x98a2836cef3f9e4325ba1f049ba24c7184e6d60e,0x91047abf3cab8da5a9515c8750ab33b4f1560a7a,chainfaces
0x57feafc794ebc557d1d211932d564125f14d6a31,0xf9e75f3b5dfe13adba1109635db8ccb75bd1a137,0xedb61f74b0d09b2558f1eeb79b247c1f363ae452,guttercatgang
0x97aa8e14db0bc073cc7e2d42ac715427717d6042,0xbae4e00a7c6acbc9b1bc61adcbbc6348a9b49972,0x9a604220d37b69c09effccd2e8475740773e3daf,spunks-nft
0x2f5c3dd519e8a502c48c9fc104eee64fdff05f03,0xb49abb7ca69c25ce502222eabee6172b104ac79f,0x0120b3add758e0b7f667eae25fc14c3326d44d12,metabots-io
0x82142d387f977376feda4d47358a2aeb852d3c21,0x422ddf695ac7fe1be48db131bc912470af2aafbc,0x7ddfd703b4dd9edcf5e3c296e61ca580e0734b5a,cryptosonoglyphs
0x1ee01654665303a5dd2744e30b576941880e3a73,0xc88f43a6a4f59659ef032852d59d83a66abd17ba,0xd227df494367a8b769b4bf2bbebd0388a8758741,degens-farm
0xc57baa24f72037c21f9c0d345bb6f19f47407447,0x9aed71361f28b06d9ae5538943119dbfb1c40b0d,0x6f0365ca2c1dd63473f898a60f878a07e0f68a26,topdogbeachclub
0xb2c62e0a1f5837356e399359ecc34fcc49a02093,0x361fcc4972dc2b8c1fd203b19d808ca5480635c6,0xd049ab4988962c8d3f25908e25baf7dd868a01c3,thekamagang
0xd1b859c0dffe24c3cd5502b0f3c6fcf066da1d9a,0x2b1d75e2edb0c36f0e81abff2c1b0a4d106b4a78,0xf3e6dbbe461c6fa492cea7cb1f5c5ea660eb1b47,fameladysquad
0x4a06625085fdcc7c60d611949de1f7bf12d88219,0x32aeba664a60283c6d31fb2cecbdbca190baee6a,0x4ae57798aef4af99ed03818f83d2d8aca89952c7,rare-pizzas-box
0x5cd56bf2cd394ab185ba4976fccb68ae28930252,0xaa8b9ce4c02efe92df66aa3339c6b600d6b51025,0x75bd294f5adae8428ddcd1431ae2e0d4f5a05707,divine-zodiac
0x7228b2aa3ed9d5bea1b6904502540e01908c9b9b,0xc3686c55fdae1e31b69f6a667361b5acb9f11583,0x0120b3add758e0b7f667eae25fc14c3326d44d12,metabots-io
0xffe136de12a2cd95f64cef9f36414c93e9003959,0xf74779cbfed0c753b9f5fa5cab6d3c3d728237a6,0x3fe1a4c1481c8351e91b64d5c398b159de07cbc5,supducks
0x2928a3922c1ba54c6d23f3430aa5ff04ba8eb759,0xa96f1770c30fbe904257fb6674315d56816d1881,0x6322834fe489003512a61662044bcfb5eeb2a035,goblin-goons
0x78e09c5ec42d505742a52fd10078a57ea186002a,0xcd87ab12b8afa0ed7c7ec7302d83f6683b783173,0xf4680c917a873e2dd6ead72f9f433e74eb9c623c,twerky-bags
0x8b7c94bc9ec137d67fbddb203b2814f0f1f9b377,0xbcd1c03ebc08dbdc34c44b66a3f2794d58f2c4f3,0x96ed81c7f4406eff359e27bff6325dc3c9e042bd,weirdwhales
0x7d74c70120cb34dd1cc0b1fb72493b5ce4903072,0x4f15e8743a4dc5592420483f88240bdfef22eebd,0xf38d6bf300d52ba7880b43cddb3f94ee3c6c4ea6,pixelglyphs
0xd2c562cd6cdae7cd97fb51474b15dbca7886b935,0xaee44ff14bf90bf38cb8b63d3e5eee2d4419c428,0xebaeb894205666314f06b8e5f61fc0ffe8039ce4,digirocks
0x1a03515b72ffc7709d4103c75e74c2efb32a9133,0x1ab655d2214c72c3b9a17fa34bf84c421e9164eb,0xd227df494367a8b769b4bf2bbebd0388a8758741,degens-farm
0x6d9f52b53ccb1b7b62d4fb1c0dd3155a4f445b75,0xfca7784995263fa40739e0961022d63d5ae67fc5,0xa914ac9eda58c6ecd2e9c525555d49675da5d6a7,thesingularityheroes
0xf420ee054d4c0b33c260f417232a84831ae54d01,0xad0261ba13d9e17905c1a21d001952454ae4ec2d,0xa914ac9eda58c6ecd2e9c525555d49675da5d6a7,thesingularityheroes
0xdffbf528718da939d9646d3df23697866209c265,0x93c75a66d96e81a3b31ab74be4dc9b5736554a05,0x257d3caeda3932c6d48a5e5d5c7a5e3d23d92c83,invertedapeclub
0x1a6c3794ed7d4f7040f87ec7b56839357e86b735,0x53c1adcf8ec4db57fcce1b1bc261f89a90c13b0b,0x6184f10302cebeea0211f9310225f051cc549626,galactic-secret-agency
0xade585c49408187f8cdc151679c8e4d315527a24,0x9b7d1c92908103cbd3ea575fc8b187834dd8a65f,0x6184f10302cebeea0211f9310225f051cc549626,galactic-secret-agency
0xde8743da1932685ee851445b3f402fdf62d5264d,0x8c256ed899b58eb45b7bf7bc28b728a39dd19e74,0x6184f10302cebeea0211f9310225f051cc549626,galactic-secret-agency
0xefe2eadf814179d93651e07607d661d2953cd55f,0x11439d7bde8bf5af9ab2a4be99ab203663a50c47,0x6184f10302cebeea0211f9310225f051cc549626,galactic-secret-agency
0xb5b7accb7272a6a0ff27fb1e8011722ac9ae47b7,0x9b8225c89ccf5ac51f443c902c7407e63d4be144,0xcd223812722faf45848a431a6e0387de7ffbc2b2,cryptinies
0x21c9a691377fc5941bd5b8e7b94b6be71d543d7a,0x0a0c4a8049027161416b082b46b42184ca89e70a,0xf4ee95274741437636e748ddac70818b4ed7d043,the-doge-pound
0xe586b4d21b6652a67f5bb5873002c661b015327c,0x144cfb276e9db1a84fa05715b38b914508c458b2,0x05f02507c7134dbae420ab8c0ef56e999b59da03,editional
0x53e305c27444232ebf6712ee361c4906c5e8058a,0x5b9456e96932412b915b8e47949119af5d67c34f,0x91f3114f8818ade506d0901a44982dc5c020c99b,rabbit-college-club
0xf8eb56c7e4e3c885c905a19583bf41644d35aa0a,0x838bc601d2009f40aa9a453b5f8d0765b3a9c898,0x082903f4e94c5e10a2b116a4284940a36afaed63,pixls-official
0xb46c73dc30ec8ab74341cfa822cac1507b5a3b03,0x978daa822959741da7c7527081039c3656052b7d,0xe19b9d6538c1ab71434098d9806a7cec5b186ba0,boredbananas
0x53175c2bae7e32c0e8366a86673a7e62d7887f34,0x33c88c0f0c272d48436b6e816433a5ab2344c8fa,0x180d8dc8ee01da0afb65ab30ed60717e062cc564,antsreviewroyaltiesv2
0x474a694c0f45e8f633ceb350b1340a43f73757db,0x6c3918dced8281565bd444ef96ebd02692eb0de1,0xb9ab19454ccb145f9643214616c5571b8a4ef4f2,boring-bananas-company
0x890d2207ef75c8a3e17114a50eb8486703b048f9,0x91bf7fa6d8a307a4078e979fc26d3d40a31bb767,0x00c396383400a1ef2eb401052dbf5d989b2da481,cyphercity
0x62c30556fde78b3423075758dc3fb74e2eccbfe4,0x97384d957c8346f84457b201fa362db7c23ff1ad,0x00c396383400a1ef2eb401052dbf5d989b2da481,cyphercity
0xb3a20df6fba4000d07702e362754c49d45fb890a,0x95123c4484d296e7b9a8946eca8ea254967c1110,0x00c396383400a1ef2eb401052dbf5d989b2da481,cyphercity
0x075504948403b228a289434c5a62f032be890ad0,0x79f491d53513bba98b4b65e4a6f4696974c0e400,0x400e2073b4ac13d6f11c15697df7fc609db93809,deebies
0xf887f2af215f985ae74b80b8fb29e3ed5a238407,0x86264f73ad0f528562c660ab2a3d585fee67e3d9,0x400e2073b4ac13d6f11c15697df7fc609db93809,deebies
0x6ce848f188dc4feed490f221e7332feb7af00993,0xf375ea0d39817cc5ffe484123d4a80dd51559041,0xd21a23606d2746f086f6528cd6873bad3307b903,srsc
0xf49ccd870a3a08b296f36e4c930c057473c63187,0xf5c605ebbfbcf4795b3b35a0f12161dd7b752f6d,0x484e7e1877973b0700dfdbe137edaa05bf2f4c86,wubbalubba
0x726b0dea362c46fa251d7cd840d5b0b57eec2724,0x2f9acd514866172cb00628a831f6cf94fb739249,0x18c7766a10df15df8c971f6e8c1d2bba7c7a410b,vogu
0xb915f83f5744c3317add69f8b2653dd35c25cd26,0x38678c071125de0780cbbd19348b1e1cdd9e2659,0xe6ddbea6749cc793ba12ac22bca03c3f1fcf3a80,marsgenesis
0x5e8a5f4b2a24e1ef33ccd98ef0e4e65624c3ae70,0xe383916fb2bcf266b211ae38f4c4e1a43c5a4f2f,0x918c2c77408f2581c874f02c4fcc819bd07a10fe,adbca
0x85f373ef7d3d4c2675e6215242670987e35886e2,0xe52833fb20b96b655cdeb13a405d7eb8906269df,0xbb3d13260b3f6893ace34a4284be70eccf4cc0f1,long-neckie-ladies
0x131f3297f31f803889aa6bfb43a5291cc3149ac1,0xe553ce7cd2c7a34cd25981441bbe1822c7044a09,0x495f947276749ce646f68ac8c248420045cb7b5e,my-super-colleciton
0xe306a0c20d060a3f414a0b2f4cd8397d54cf9491,0x604f030b6bf9fdd90bd914a6b057b1d2b6a75586,0xd1e5b0ff1287aa9f9a268759062e4ab08b9dacbe,unstoppable-domains
0xecc0b0ae304d08e5281342446b65550953d03fca,0x95f38484e8ea53b024e9c1efc4fc0f10c5c0b67a,0x613e5136a22206837d12ef7a85f7de2825de1334,untamed-elephants
0xaebfaa45f98b655f85fdd6df3dc8e9c073a59779,0xe831624ca90c2c098b65a0a33281a37792567b4f,0xb0cf7da8dc482997525be8488b9cad4f44315422,thedudes
0x1b3ff0fd4554208b2932df5990d3c18a91c5c205,0xf01b55aa789d5ef516111775ad4e05e1ea739263,0x7f96f68fa766d4e9b037417fe4967511152b9272,solos
0x97a82e2bbc043e896d106d76c218984e6a3de279,0xf080d15f4f3c01db5db43a3745ff489d1c4a57c1,0x65770b5283117639760bea3f867b69b3697a91dd,unisocks
0xb88fb3c68bfcc5b892f317d4f1bba25a1a8a1033,0x29ae0caf73d2336c255cb4be4121c2abaf12e4e8,0x763864f1a74d748015f45f7c1181b60e62e40804,dope-shibas
0xf499b7d2c2da27c023318dce53050428071079c8,0x1d38b69a5aa5b282b6d12eae049d69d711573233,0x066f2d5ead7951f0d0038c19affd500b9f02c0e5,cryptojankyz
0x6f585f03f7d2a5a0d00e3d6b873f4b6cca49f6e2,0xdb61080965336410ce08eee0c5f05b3803b28338,0x5ba1ae724047add7797a2efdcab8fc5a0b8dc29e,kungfuheronft
0xabea7663c472648d674bd3403d94c858dfeef728,0x5d472c9edece12a75ed7c0584dd02407cb5b47da,0xbd3531da5cf5857e7cfaa92426877b022e612cf8,pudgypenguins
0x4304940f12f9740ffce4124d0e2ec1340cc6f349,0x55dbda066b6472216b2ddb5c6d869d99922ff90e,0x76be3b62873462d2142405439777e971754e8e77,parallelalpha
0xaedce4e89671829046e668cbe849c949df222cf9,0xdc3fc9a614141a16e3f017ec0e90df1fde6af5b0,0x000000f36edb9d436be73cdbf0dca7df3e6f3a50,shibainuspace-eth
0xb431f21561bc6785c579fa1a760087d884854ff4,0x127112fb688314ecbcc8dcef60c5c8cd0707845d,0x9619dabdc2eb3679943b51afbc134dec31b74fe8,ethermore
0x0e919edc45af86f5d7083c7f8f590240321690ee,0xb0b57c12af64330cf82682eedb761a68e8202927,0xa8934086a260f8ece9166296967d18bd9c8474a5,whelpsnft-legacy
0x970a0b8028f6ff85392824f20136dc9fc56d7488,0x3be7f8389554b2437cb156ca371463f138803a06,0x099689220846644f87d1137665cded7bf3422747,robotos-official
0xde33e05b5dfc4a895addf9e73ce8a95ff7f3c97b,0xc42a3410ea6bb1b6194885909e92e3574f9ffc29,0x9619dabdc2eb3679943b51afbc134dec31b74fe8,ethermore
0x53f10ac913ad108b8dfbee907a710f92f9b576dd,0x9aedb90a9b47f4e5335fb0960a3e49e5eb7e9cf4,0xbea8123277142de42571f1fac045225a1d347977,dystopunks
0xea1f08c0debd728753b7196d689d065d1b5d5585,0x5134ba3163411913cfff04eaeb6e6c39dca3c593,0x7645eec8bb51862a5aa855c40971b2877dae81af,london-gift-v2
0xe77b6781b313e62ec526bfccf347db6bbd557330,0xaeee63786f7d888c0477e5b15f292b7b4b36caec,0x9a9f875a0b31d04cab3454d4fd7b83d838b4e4a2,voxhoundz
0x39c8f8809eca6ce8bd0898d506cc4cc897eff288,0x4043151af3dba4de91099885c101e581cf6b3b16,0x909899c5dbb5002610dd8543b6f638be56e3b17e,plasma-bears
0x051218de982d91c3af03187ed3d8a0dde8231333,0x9899b6af72b02e03aedeec0182673d9151d276ef,0xfd0af9ddbd3fd21e3593428830fe47c4f749b1fa,nice-drips-
0x07ce813ccb626b28e48dfeb757478211850c7b7f,0x0582020958967d6aaf394a5cba6e4d6dea05f3d7,0x031920cc2d9f5c10b444fd44009cd64f829e7be2,zunkz
0x3d3738c698e868a239fde7ee21e37834c7a1708c,0xb7e170c1935a5b4f6224392a28eb34b5cc3ec346,0x031920cc2d9f5c10b444fd44009cd64f829e7be2,zunkz
0x6f565ccaead021b72b7298373199242ad1de2bc2,0xa71777293c6ce82dd3c986ddd9408d7f6004abab,0x031920cc2d9f5c10b444fd44009cd64f829e7be2,zunkz
0x01b0b287f784ccd19cf0a7c11127a70963fd9d30,0xec3e04f97a73cea10f0b0668efd08252a1256e87,0x31f3bba9b71cb1d5e96cd62f0ba3958c034b55e9,party-penguins
0xc8b76186a4be8d399c06d9391da531577f810dc8,0xff7ceb424b5ef92f057ca24bfac3e3bbc697f8c6,0x3995d8d37094b2d0c6d874192fe3331705d7768a,spaceshibes
0x0f1181779c22a1670837486e1056112fc776c6f5,0xe36f0ee509ab9ec7f8c88e5e0b754a72dbd053e4,0xee8ba81d3aab92ff5592652f32028078f919af8a,lucha-libre-knockout
0x1ccbab3263099d9787810c3f5d55db7a8710fe2f,0x193ba4439fafd52a0afa637294c31b6dd6b5db9d,0xf87e31492faf9a91b02ee0deaad50d51d56d5d4d,decentraland
0x32fb2a84af5515f77515806ea5addb54c923237d,0xebfaf557a07351daade4818dd1fb73b25b09868f,0x7f96f68fa766d4e9b037417fe4967511152b9272,solos
0x5fc28c2fa0bee55e9837ab8f2257180f0c095c36,0xaa08128e645090ab150bcd71f4c15f62e9d6fc87,0x52a22e11cb6e2599d177fec046a9655682a02b14,proceduralspace
0x7f903de55333c233a022eadb8f344fd69c2d26b2,0xb73267ae76e3c35d5d3a8cd7d1f1b8492bc15785,0x52a22e11cb6e2599d177fec046a9655682a02b14,proceduralspace
0xa3d970abc5d4e20a7fc08fe1f18af41058314a11,0x0e66ef42b39eae0f6c461ef53639ea3756671839,0xfc007068c862e69213dc7aa817063b1803d4e941,moondogs-odyssey
0x3a63cce6952985f58bbd10c4791b6ff1ba93fffc,0xe85e53c3163f9140115160f9155a7a7af8dcd74d,0x18df6c571f6fe9283b87f910e41dc5c8b77b7da5,animetas
0xc0dcece6d9a79607a854d42e5bb50a307c060457,0xb9cfa38ec7c732fe448dd7738a1e46f88d4afa36,0x329fa32f6520fb67bb3c1fc3a6909beb8239544c,citizens-of-bulliever-island
0xe581f272706581f9dcc362df3c7934e99192c492,0xc8a6189bb16331b37c7a903b8904201b4ca7accb,0x9759226b2f8ddeff81583e244ef3bd13aaa7e4a1,purrnelopes-country-club
0xead894aaa04b23bc39a3005b79db86c182a1741b,0x32a7e60690ead28fe4426dc5aae7bea74708fe69,0xf621b26ce64ed28f42231bcb578a8089f7958372,bored-mummy-waking-up
0xdcaaca96ed63f15e11723da0acf8639af71c70ce,0xf9f9828b42e77a4cc9c2995b5ae54db16bed9037,0x8184a482a5038b124d933b779e0ea6e0fb72f54e,the-wanderers
0x04c5d215401411c4f28e167b3e9e3290d1178cd8,0xfb449ebaada9b8f8d1aa9dd56aeb3d6cf6b0fb29,0x91673149ffae3274b32997288395d07a8213e41f,junkyarddogs
0xdb92b81896a5b07b58238488e83fd17ceef43ba4,0xc2b1e0732667137d21baa81c717d38cd5f04daa1,0xc59c53995f923b8fb22f6487bf5b706327376d67,non-fungible-frens
0x4dfca7eb71d9edbe5714652cc7bd81003bd2e059,0x46c3f36c85a6c9a1d68f01553d97ef30cf8de7fa,0x772c9181b0596229ce5ba898772ce45188284379,sad-frogs-district
0x213d003ecc4750c220795f31dbcea1fb3bff67d1,0xc5ea31f7e661ca641ba8d6f4ab93e2988105a5fc,0x240eb6b465f61dfc965053791f963cd0f0e4fdb0,thefuckintrolls
0xb98217f7f050aad1696467a1559e726381879f33,0x7c959aa82761c2eeb9b8cba504f90df0a7489a53,0xe785e82358879f061bc3dcac6f0444462d4b5330,world-of-women-nft
0x64b830a2fccf31c1dcbbbe119fa15be4b90288c1,0xf954386c4cf33aeb6ff4f9fc29930fbbf3514c96,0x80416304142fa37929f8a4eee83ee7d2dac12d7c,generativemasks
0xcb5ef4bec8bc378e3763e22e028ccb4b67bb23b8,0xc8d1383b36d88d09cf9a7e55e72ef04eddd4aaeb,0xde8e357bf9ea57ce187755155195d1b6616be015,dynofriends
0xf434fc315977143c321a07406452a87ec62cb2d9,0x555cfa34764b47ab930bd100a396ddc3d5e4f45d,0x2f2d5aa0efdb9ca3c9bb789693d06bebea88792f,blockcities
0x33a308f15b87bb2057f1efb199fd5c70d9eeeb18,0x14ca9efd5985b0102cfd3ef1361e21fc74263b6b,0xc22616e971a670e72f35570337e562c3e515fbfe,cryptoedition
0x2bb2820371ef895444e58f285fad89b3a86fbf6d,0x3d10e6d1a155b2a8c64f5817b296fccca2fe9ddd,0x9336888c4fc4adae3c7ced55be2b54884c052d59,cutepigclub
0xbb59cf6813a56ef9b02eb830f32fa25fb3e3412f,0xad9c683e592b2f6f0391a22b2ff586e1597832d7,0xc59c53995f923b8fb22f6487bf5b706327376d67,non-fungible-frens
0x30a017c4fce713cee705270bfbb2cec2275eb9df,0x76f1f33f3c03ed60ccd6f87957fe58fd9404e645,0xdb3e179b041bef28dc67536eb76aa7b72fcb1028,astrohedz
0xdf63184545a4168b8f8f307bf9dd615f61b012fa,0xff708ab1814fb07d16c823b6b1ea28fafaf9367d,0x927555c56510320f9cd9be424d3408da29cb340a,catctus
0x494e5434e6872c83685ce223875b8d489e1779ff,0x887220bc92b0bcc21c54cdaf96ce9d19754f878b,0x25baabaf41ce56565f448c6f6e16d44399812cad,straycatsnft
0xdac9f64295eb76928e4563d0688be9048373f13e,0xcdc3a0d6b320fb6a7a677dfc3ee50e19696683ee,0x3bf2922f4520a8ba0c2efc3d2a1539678dad5e9d,0n1-force
0xe9744ae7c29c27c4eaf0dbc11e419e28b8a87027,0x4ae4192cd9d657aa330f302ee8122f9a74158761,0x1f0f72e6dc2ea6fde3a32a1b3fd47a26a3293dc9,lambduhs
0xeeb588a5c9a630c3028a22e86a28fec0771ac113,0xc2f2a65c031d1d40edf28a2bfe28956057dfe817,0xccc441ac31f02cd96c153db6fd5fe0a2f4e6a68d,fluf
0x5637e3cdb52c3fecd1064027ad10eba06fa705e5,0x556ea7c0691f7f9ae9b4b484746c411d1feeb7cb,0x0b0b186841c55d8a09d53db48dc8cab9dbf4dbd6,satoshibles
0x17163d305866c7e02004235ecb3921fd5b5e5d84,0xc4ba422fe4eed948521499a6f013557381d19f21,0x0fb69d1dc9954a7f60e83023916f2551e24f52fc,lostsoulssanctuary
0x1093f8a423e5f79e16968ae13c307572128d1fd5,0x65316646638a433d137e0dc65714b4ad8a59ca5e,0x80adb36595239fe918c7d118c1f81e07d070801a,heavencomputer
0x9af23ef56708f0d186eeadc14a3476ae4de4779a,0xc76c2b1d2d614f3a258c95956bef538f3ed038d8,0x51e613727fdd2e0b91b51c3e5427e9440a7957e4,crypto-corgis
0x244ebeb9fe1ece439a886fb1f1b143a8bc44de40,0x42a795c4997f903caf8e3fdfe42f500c4cb8d19f,0x51e613727fdd2e0b91b51c3e5427e9440a7957e4,crypto-corgis
0xc700ff7487c356aacd6d0de9f4c4c51539431eae,0xd8f0e930a0cefc2471dadf6ef21fe7280b8199b3,0x9c0ffc9088abeb2ea220d642218874639229fa7a,dogs-unchained
0x54d339cfd8f308d32c2f07f5dc9dd34af7753e20,0xd6c2836a65ec52694b42fd79af3056d8433f4adf,0xa94f854b833c266dbe0b64955b586de3c42be311,partybones
0x9a09eec78998924c24b287f0576253ffa9e87c21,0xfe9d2949e2d164e1dc788776a372539afe12a7b2,0x4a8b01e437c65fa8612e8b699266c0e0a98ff65c,spacepoggers
0x8e7d2dde3f1e81d097cb5ec29d21ea7588833fe4,0x47fc00ac4115249f3b17ed6f5ba0d536cdc82370,0x49ac61f2202f6a2f108d59e77535337ea41f6540,starlingsnft
0x7094b71f08f3ab06b6592be00599c7f47922a51e,0x53cdb29670a4d438b4ec4e1152fbd11aa3f6542b,0x8c9b261faef3b3c2e64ab5e58e04615f8c788099,mlb-champions
0x50100005a59a916627481b5443512b8015bce41e,0xd171283d045b8182ea23c3513910cef7fa87b6a4,0x0f130a170127aa4e5776ab05305ff614ff352253,89-seconds-atomized-v5
0x047c4d75888cdf0b4b9b1062451bdb03f6916b62,0xb1512cbe7d8f80b961264c4032477ab772b5f3cb,0xe4cfae3aa41115cb94cff39bb5dbae8bd0ea9d41,covidpunksnft
0x5ce188b44266c7b4bbc67afa3d16b2eb24ed1065,0xfd52305d58f612aad5f7e5e331c7a0d77e352ec3,0xf75140376d246d8b1e5b8a48e3f00772468b3c0c,uwucrew
0xa15f6e2b82050728d27a2c66223140282c623ca8,0x0382b5bf3f70d421f5a1fed5d9c5ad782489b2ec,0xfbe295ad8b8f19f681c5d971cfef098b74d0fc08,hype-hippo-io
0x991266869bb7ba6f0b9dc9564b6792264d46fca9,0x682f679c673439efae36f804fed298b4efc32559,0xf36446105ff682999a442b003f2224bcb3d82067,axolittles
0x4542301fc134dcb92d8464b050d830415214335e,0x808c2d8609c8bc847918c8492d9b8174cd19dd48,0x832ce2bbe1b4f06d22fb884e288f1554061943a1,raccoon-mafia
0xebd9dc65c723cadc0ee4ee5a8013ddd3db98f250,0xd9cba39d69d7ed588e73156c87f96983f103c612,0x9d418c2cae665d877f909a725402ebd3a0742844,fanggangnft
0x87f41b00246c5a991084c7f6eba3ad2f2eca1236,0x5d67198142707431e43195237ef630143c04436d,0xfb3765e0e7ac73e736566af913fa58c3cfd686b7,audioglyphs
0xac156a935d8a829d7005b8e1d73540806d7b303f,0x5e1abf755ad679f698f291ecdee65c4dcf95f119,0x8cefcb5a4d159914b9cf2701d8891f23480f66b2,gravel
0x13f98f4cc80b32d328cb9802cdf0570aa925bc27,0xf529daa0b8f716801ba6a65507a1a2345d19be58,0xfd3fd9b793bac60e7f0a9b9fb759db3e250383cb,ethereans-official
0x219cab58ff00399154410364e8f36cdd38227721,0x16122107c331e3c91afff643122d1daf168b461c,0x10e3ea99a188a0ec73093127b5fbfed852dcd657,roocrewnft
0xa34c837add1a29bd063279e1202e9cec71b9f406,0xd617bc3d1fcc41a0d5ec501a2b3502714b2015ff,0x8a914d00e8bb0a4be6e66836e0569e2d303e1e00,arqskulls
0x9617aa85da523c1c41a5f1e385f0a5fe5458f52e,0xfed67f7a35bff878178fa092efb0149799ea1aef,0x06af447c72e18891fb65450f41134c00cf7ac28c,sushiverse-official
0x1999a92711cf8815b7f6b07bd34b4287d853cfba,0xef4fa701fa5df88ef0d5707d6144e446a1a2238b,0x1cb1a5e65610aeff2551a50f76a87a7d3fb649c6,cryptoadz-by-gremplin
0xe8e611d56297adbe1c1c0683261be58e6e4880a2,0xd65b9845e87a3c52b8670ff50cece8da338cd802,0x42069abfe407c60cf4ae4112bedead391dba1cdb,cryptodickbutts-s3
0x92425a88c18ced9cf3a1b9f686e4ceb36e35c7a4,0x3e8e96857821d0ef8e4a2df24ffb8414ae9d78a4,0xec3db0b6a6f3085c3b2ebd105aebabd34bce7780,bored-mummy-baby-waking-up
0xa5b7e5626fc2400ea3aec4bcf1c50210cefcfd8b,0xc093f36096ecab79abeacfa91b634459ecf83f95,0x8cc9dafedbe4f462b2b7a3410aaa196362edb882,world-reserve-btc
0x16f378ebdbc54882611ad4a02929eff4b5d7d452,0xfa940f88114ba6c25231e29352f87a0ce25365a6,0xf5de730b479a4890b725958059da925f43be8117,book-of-alchemy-v2
0xc016e4b42f80050bbf1d6244c6adbd0b10fe93c5,0xf643ccb4b9e3a8368aacbf2fd76cdbc8363b382a,0xa56a4f2b9807311ac401c6afba695d3b0c31079d,monster-blocks
0x4b2b1aacbfb0105335f178c1b22d95e400edf52a,0x8d25dc72996825b32c129303580430e8346707ac,0x76e51bc8fa0beebcf3e45de408fa43c9dc5ffb27,primate-social-society-official
0xc2ab58f9a8fcda9492e3e8301336376437f0ccbf,0x2bcb997cc678999ea01efe11295c6922c4c82455,0x8cc9dafedbe4f462b2b7a3410aaa196362edb882,world-reserve-btc
0x9e797872f9b4b520530e59faff0fe7f610c44120,0xbc30bfa48e0d56b99b8de605bb07adb7693779a8,0x85d39cea74b0baba54d7fd0df42dd3e6e39b1625,lockdown-lemmings
0x99bd687fa335ba1d065e033c0606b1ebb1d4e6df,0xebfbf12dbe78653c53a1629385e0eacddb9e1db3,0x906642380fd9b7aa726bce9c6abee7378396061b,incooom
0xf88e8bad7ee587e8b574ecb5ce2ce9ab0a7e6295,0x06f14d4d20f3513947f14b10401afb114d9fcc38,0x7dd04448c6cd405345d03529bff9749fd89f8f4f,crypto-pills-by-micha-klein
0x7bce962aaa72d561d71b1a89168d07041249755d,0x5919b56128132f0049daa1b638d83beaf08b2e41,0x33825285eb66c11237cc68cc182c1e9bf01ba00b,the-glitches-nft
0xaae62daebf70d4fcf5797b1f93d2bab90341b7b2,0xd61df712ea36133542032c9f0c7d86041af5b761,0xc49a9ab342b6ea66792d4110e9ca0ab36e3a5674,chibi-apes
0x4884190c0e2d99afc1a5fe4d61faab955d7a4cdf,0x824f4f7e099d0133895cf3b43cd5bd48158052cc,0x77aa555c8a518b56a1ed57b7b4b85ee2ad479d06,afrodroids-by-owo
0x9042195c2d28b0331dfe1e2d75c4aaaf810d2106,0xf5b6f0a7fe60bc7d7debd6212789018efb63bc24,0x76e51bc8fa0beebcf3e45de408fa43c9dc5ffb27,primate-social-society-official
0x0be2d298655065e176584f87e0c837f2f475109f,0xe6aea28024c1a88c665b72e10e43f6860d2f289b,0x76e51bc8fa0beebcf3e45de408fa43c9dc5ffb27,primate-social-society-official
0x2d77f5b3efa51821ad6483adaf38ea4cb1824cc5,0x48b23e73e5b7aa9ab86b5f65662d7fbe79d10043,0xf4b6040a4b1b30f1d1691699a8f3bf957b03e463,genesis-mana
0x0afed7d7b0234310c8a22bdc8417701654154c2b,0xdee8faa36fa1fcbb80c2f1a67c7c39c7afb31e5d,0xdb55584e5104505a6b38776ee4dcba7dd6bb25fe,visitors-of-imma-degen
0x67d65da2a678791152d33cdcf92ce3b2bb2beccd,0xea1b8964c0240ddcc49cfdbf33d214948a124416,0xcdb7c1a6fe7e112210ca548c214f656763e13533,ready-player-cat-nft
0x5d9c1b6f2c865b02bd8f57978cd79fa7585f0e9b,0x05a99a0cb8ce8755f2f623846f0f2a405a7e3ca5,0x3f4a885ed8d9cdf10f3349357e3b243f3695b24a,incognito-nft
0x5873abba1fc7213de08aa570619919c0d2132b07,0x042ce9c923895ffa9e73141fa99eba3ffdd12cf6,0x4b3406a41399c7fd2ba65cbc93697ad9e7ea61e5,lostpoets
0xb3e17c329ab2f5d32a9d7a0b7356af4efcd75a5b,0xc520a4ec24cb33c2b6adfc6399d286aa8efdf490,0x0ee24c748445fb48028a74b0ccb6b46d7d3e3b33,nah-fungible-bones
0x2a7c58e7677c42bf129504eb1b6a931f598afd55,0x464b268f3d874429d7374df30521a4954ac7f683,0x537b9af55dadcad9d22309e5b8ce35cffd8c1925,sockz0
0x0115bd305885999562d593c94328fe25190dbc90,0x19cd1d59d407d6682bc0c6519e60102eb991cdf0,0xd87ca9651cdade60cc0b031c2731aeb5aa722fb3,ethergals-community
0x71291f53683ecb6908c28d0632f9e211779ea82e,0x9da4ce5c2b089c8f147e36758de8335e28fc030d,0x0bb3e1c80c0ffde985fb0ec6392aa18a1d2de40e,fatales
0xbabb543d300220458f1d5e9a8153cf7f62583d60,0x5dece643029d7fd6061224022b7c26ed83a9dda9,0x103ffe3aee66a048e22821145a00c4cabc0ff05b,bad-bunnies-nft
0x42c88f19edbd56d7f2b9014163491fda7b25051d,0x02fb1a8572c243c0a98728df072e0c81350591b7,0xf522b448dbf8884038c684b5c3de95654007fd2b,ameegosofficialnft
0x9bc0942f629726c1a29da50cf0792a5cb14d0d8f,0x20e8890eb3248670b3f42a64ab265386bef64374,0xa0f38233688bb578c0a88102a95b846c18bc0ba7,great-ape-society
0x805a96e740aedabe738d08de78746c9a801f0f89,0x94a3f12728624bf01a6f278c3cae62509408403b,0x5754f44bc96f9f0fe1a568253452a3f40f5e9f59,cryptohoots-steampunk-parliament
0x9c4cb6b87443cd8d273002257d3e13d1713df2b7,0xc23052c787be4e5c6adbbd6630b340a3f9b2d7c4,0xe12edaab53023c75473a5a011bdb729ee73545e8,chibidinos
0x8b202f32762dc8a55b0ce3d1c357af8bb3173ada,0x790a2caf7748185037ecac5ea071987b2182e54b,0x000e49c87d2874431567d38ff9548890ab39baac,thegoobers
0xf4771363ff9cf9b39b224936cb8aee47e116c090,0xd2a5128f15564bcda476b251ae9f7b31aa7c9777,0x4621f7789179808114c5685fd5e2847a0f7b2246,penguin-fight-club
0x537ae919bf82445a6a4188350c0c14631a5f63a7,0xa2d4508b84127bc47feac692c4b40bc8cd285205,0x4621f7789179808114c5685fd5e2847a0f7b2246,penguin-fight-club
0x7560b8b6841294c7a849c8feee8be5164799af72,0x2374363ec7c787a3eb54313ed561494a265791a0,0xa96602e7f43b8b01d3a746bf2e178ef6dde7880d,nft-redzone
0xdb4a0f74f013972b007d4b76ece1b28c2cef7e4e,0x9d53a691ddd9d412c578abca4de341abc0ac94e2,0xc9cb0fee73f060db66d2693d92d75c825b1afdbf,firstproject
0x67979e64584b0e1de0182526be995260d680ad31,0x66afcb0aeb9cdc5b6d3e65156263c8ec960d444b,0xc92d06c74a26aeaf4d1a1273fac171f3b09fac79,dao-turtles
0x5c484894fe1aaae696662943abc6cd7dd50807d3,0xfd0d73599a80a67973a0149b6dff02dda8c205d1,0x15a2d6c2b4b9903c27f50cb8b32160ab17f186e2,goop-troop
0xa79b1db8907fd89aaf17cb54fab919beccfb5254,0xccd6b4bce14e127627d0dffe2d64c249a461e240,0xd7b397edad16ca8111ca4a3b832d0a5e3ae2438c,gutterrats
0x73fa6886e5b641eb4944e44f124bbb41f85da2df,0xcafdc182ec72004324728cc60f00a1a0b60da00d,0x950b9476a4de757bb134483029ac4ec17e739e3a,gutterpigeons
0xbbb95fe8945dcf0886b688417df2680a22b99dce,0x181b12761e86ad7ec96a9459eeb4dcbfb9eff94a,0x6e9da81ce622fb65abf6a8d8040e460ff2543add,gutterdogs
0xfd2087bf08ac28749a605bb3a9b8bcda3a3151b6,0x4502293a1e421d26da1605f997a32b6ea6f24187,0xc8bcbe0e8ae36d8f9238cd320ef6de88784b1734,winterbears
0x0ba858acd03bec498d1a99b434e29ce4e0381234,0xd612fc15b0bce22ec0fbce6a94930e5c86d21147,0x62efd38a5efd7cfdb1c6e1c50f3083af636d1b40,ogmc
0xe97e496e8494232ee128c1a8cae0b2b7936f3caa,0x8a83b072ca48c217c1ef676445a9a545c110a45b,0x73da73ef3a6982109c4d5bdb0db9dd3e3783f313,curiocardswrapper
0x9bb778de671a9d319f54d34490834edc17e9bbd3,0x76671fe1f18ea22aff25ac17c9c86580743fb069,0x18d4db77f362557563051821952c9ae32a403ab8,the-kittybutts
0xdddd22674a285a58125a4579d2b7fed1ed4ef8e0,0x66c1e8bb40001a82cf828792bf1c84c429e073ac,0x2d097c1535988216499722df726617a3607b0f08,bearmarketbears
0x377e54f25459a3e53d7174a6fc1a0ad4d0090d63,0xa5a16a95cc5c14e33df0cc49c7382a11f10b0b77,0x6fecaa110f74c8181e4a90285b1065be32596c9d,mightybabydragons
0x76c47b2fb6a73c23c2252cf7b901e6be50946dd2,0x0edbf64d2fee6e173d4b5c28ef7075fb17ea146f,0x48c58b8496642bc4c860c7efc13813b73aa674f7,supershibaclub
0x72ea7d3f24340db638923cd606c3cea0c554ee50,0xd131321f8392448f65cfc1326462b40569a31b16,0x2106c00ac7da0a3430ae667879139e832307aeaa,loopy-donuts
0x31da07eef287e2644fdb149a9214d4ada4cfc776,0xb1e497181c6c31770ff36e384ca5eb6193535006,0x2d097c1535988216499722df726617a3607b0f08,bearmarketbears
0x9f042ccce032e22221dff3fbc2a470dbea8e2b16,0x9e8def9bd18bdb7b8af41faec08bb09deeacd20d,0xf8b0a49da21e6381f1cd3cf43445800abe852179,cryptoflyz
0xaa2d6a4605acfa6e0246f04a7be3293dcc8c44bb,0x6c4bf07d493d3a373bdec1e93cc6a062b8a55ee1,0xd596ffcd875e30e91608b1e4029882466e1b7ee4,thefruitnft-strawberries
0xff5768a0054eb456140270d0480290a67ec7ff28,0x23052dc987d891323d97736c97fa6ffc2b5f5aeb,0x773c74a6af9fc8ffcdcf46155caa9f68e0eb774f,ninjatoadz
0x2f131c4dad4be81683abb966b4de05a549144443,0x60aacb5e507d41a95c9109cc6778fb0b94227616,0x8a90cab2b38dba80c64b7734e58ee1db38b8992e,doodles-official
0x7cf1fe11c0f800ff202eb16f973e722879dedf7e,0xc90424f1579620bedab06dc0fcf600e146324f49,0xd46814b736db3c6feed576a59e3ff140075c9e0a,darkhorizon
0x3b29d703bc9d0d521625bca8e542326bc4c80655,0x0a943e1a27afd0522cb282508e26e491bfe09647,0x52607cb9c342821ea41ad265b9bb6a23bea49468,flowtys
0x9b935a387a6d5d1e153d6caa427cee7226839ee2,0x2e7e5a4c2466492b69a05e00e313cd2e68229059,0x2b56a2e62cc69a4c19c90868abc75751b94d7b36,funky-monkey-frat-house
0x1a84cb84603d045efc7c09c03c4a179145094927,0x76bc37981ff98a99d5187acb47c2887ccd6a8fe2,0x0d0167a823c6619d430b1a96ad85b888bcf97c37,expansionpunks
0xe7b7db56482722f641ff05b8eaa5443da63b4e98,0x75efaf2a65c4e062851f5810165d365179c830aa,0xece6ba6da948a2d9409e0e924bf37206acd9f4b5,hypeblocks
0x4fa25d252d442d5949466736d4a634978f61d482,0xeb08139ec87f7433ced997a1e1abf8073368b668,0x3db5463a9e2d04334192c6f2dd4b72def4751a61,alpacadabraz
0x19980646f562f052ceaccc1a26c8d547d9444534,0x71639b0ea94bb805a5a2e6b1457b1387b92e7387,0xc1a1e381389cb927f1d57511e144b644ef0c6385,lostboy-nft
0x210f4a59097c5e10ec67db9b03cf35332a9aa0cf,0xe3d7e2d92a5158229921c56fb23421093d475bfb,0x7ab2352b1d2e185560494d5e577f9d3c238b78c5,adam-bomb-squad
0xc9abc35ae7ee15309d835263ed1b9124220d74ab,0x9c3b5eb898f1b19892224fae2635896a8adb1cd8,0xff1be3171a16fe431e31d874e4de14814362e588,ethermonkeys
0x9db9c3c9b729da52340183b75031ed6b9b0b535e,0x76df31681d4d09ae5996911111790857df448aa5,0x260428e36989ee6c6829f8a6e361cba99c7a8447,apeonly-island
0x18255f76a9efd79f39e13c9da84922946f37e3ce,0x134a4dea0a2f09f864726b51d27ebc8f3830a89d,0x47f9dbb7b9a5157031f9ed10d00532a2b7de1c77,panels-blocks
0x3f409da529cc9a1376934f14c5e36cd02c9135a6,0x685c53165c80da773a855ca8af5c101c4ef34b54,0x368ad4a7a7f49b8fa8f34476be0fc4d04ce622f5,og-crystals
0x8b5728669f1ff5bd14047d097ccdf0aac1cb25f7,0xc3ac19028819cd215c419838f76e4b0061709dfe,0x1fff1e9e963f07ac4486503e5a35e71f4e9fb9fd,etholvants
0x50326f349787128102852645432af908c4b34691,0x7be82ab36a4392ce57190053bc92052338cb6ef4,0x7a2e961c7adc05f8352818274687b3dda477dbaa,spectral-skellies
0x6e20a5e1efc75fb0858538a7d0ca8b937f685202,0xa44f92a7157da832ecd89e3018b76fbf5ec0653f,0xd9d9952816b451a1ee69eed6dc842e04a27d3eb3,derpydragons
0x1ed488e62bf77aa36656eeb97e163e7f47bba7c2,0xa25978266b2dcc73557ec2633c53cc53e7cde2e6,0x74b25c4db678054197bac493f1279548d523068d,klownypunks
0x0a776842783488e2b4e1277e98c05923874bfa7d,0x3d1253006567ad7b679fb951fbf4b651707c3270,0x9a534628b4062e123ce7ee2222ec20b86e16ca8f,mekaverse
0x0e5f6e67099529557f335be9e2333d90dce0861b,0x8e5320a0ab4e51cc0e7152529ebb62a1f13deff9,0xe63be4ed45d32e43ff9b53ae9930983b0367330a,rarebunniclub
0x8d71a64e8c8270116315709f08660360b1beacf7,0x3f52e4f4800940f6679aed0e8c70bda03cf34ff1,0x03b008eed21889fcd29e76b4d8f89394a1fc1497,morphys
0xf21a813b7847b6e912fb1ee6b4196d6ad4f7350f,0x84b86ad4fbd4c88f5cdcb6dce965b7330f82171d,0xa5b6109ad2d35191b3bc32c00e4526be56fe321f,urbit-id
0xa4251ea8a5e71d3f10e3dc224f073bc8a61b4bcd,0x5547c8aafc9c3709261b986b633c338e924d85c6,0x0a57e26e480355510028b5310fd251df96e2274b,filaments-art
0xeb3c1f8aff47c5fb08f4eb813ad04a651fbf7543,0x25fec26551cc64805cbda902aa8aaf0f33bbe405,0x89633c73096d2150673c9edc7bb5f24db5dc222c,kingsgala
0x74d84d49b3b2f5170a82ecab06cf8629e5239efb,0x9961d2144d78ba46a3ee25f672b1531c08aa70c1,0x1ca39c7f0f65b4da24b094a9afac7acf626b7f38,gen-dot-art
0x23c0024e9d91b45420c94d2c4dc9c1e96ee8be0d,0x5de69040f6a62cfb663ce31e1c665a67a79dbac1,0xaa6612f03443517ced2bdcf27958c22353ceeab9,bamboozlers
0x699edd7aface2a5b694a52416c8635f493dace05,0x0a35078778d0d3594ac242b4c2c9a8ff36d13d5c,0xa98b29a8f5a247802149c268ecf860b8308b7291,thorguards
0x20ec84c46392cb3ae6a7925be92f597fcc7d88f9,0x586f48aa01029884b4ba113cdc70b615802aeebc,0xb932a70a57673d89f4acffbe830e8ed7f75fb9e0,superrare
0xdd785d61aa140afaa7c4c69166b4ec1c09d8f37c,0x85cb8e0ba5b181e98018aeefbc1fe42cdb4bbf30,0x57a7c5d10c3f87f5617ac1c60da60082e44d539e,dreamer-alpies
0xd7f6b167414593ef9d5a248ce6622df9531f67dc,0xf44340ad495711c04e598bc20a61369999fc93d2,0x3d0f31395b0238093a37663c22ac98aa4ac71f0b,delectables-by-foodmasku
0x70a314daf0f23adc4a5166d77d14b4b0fe08caab,0x005185b2fba8e3a4861357bf137ef79441dc6247,0x1dc5d3b2162f9500d7ddec14eb0ba9ccb43bc20c,skullx
0x92637df9cb3dff55c3e193bc49073db7d3e1d5aa,0x5751da706da58e9f1fe2ed8fdc216b8ee7e25fed,0x80d77b4ae7cd0d7a21fd3c1b2da25a4a06b63923,bitcoinbillionaires
0x60d5c2a56b43addc142f9ddb68ddc2df786c055e,0x4547bd49eda42874d97b97cea99ff21e7738fc16,0x97597002980134bea46250aa0510c9b90d87a587,chain-runners-nft
0x065a78026eba5a3d32c033384246d5b49e531b18,0x14af5fea709bd575d27f7a9d883899631bed733c,0x00fa82ea9be4e24ec6d7ed86ef93bfe85b9a3e68,rareghostclub
0x056187e89d8a22cda88698a75448aa8ff8a5bda4,0x277080bee99e80e4ba0c8594cbf2d805240ed5c5,0x5f9e300108fb156cfbe21c48a870876e97745af9,uncool-cats-nft
0xe958598bfafbea2d7692b3dc932498704e11d20a,0x610f472eeaa16e47ad492729db7844bbcdd18ead,0xbff2fc2f0f6df609a78280f85c338616cafd2ec3,caboodles
0x03f80ed11125f72537b8ad25855f907f5ef53c65,0xc6a67f77e95577169a35d6e59f21e828b0ae3ba8,0xd498fc4289ecbcf5c9ef033de3ceddc1fc3f6cc3,honeybadger-mint
0x4531d09c51922094cd140ee24da59b060a0ef795,0xacaad830534d29f7cde89b5f93129a815b6ea527,0x37348dafbde50426acee323b1d091321f5719b9c,kam
0x33d3a202c31a448a877cf3d1ca57610266700a4e,0xc6257a24e3824f7e14b8a01b2a9801c5ab7949f6,0x05a46f1e545526fb803ff974c790acea34d1f2d6,n-project
0x6336d88238075052eb79197c3283e579f0156e48,0xf8c7ee191eb490766f6787b2f09f4eee4c6820f4,0x2d004b72d8b7d36f9da2e4a14516618bf53bac57,furballs-com-official
0xa9e64bd15dba7bd119dfdd7ac858a4deaf674bfa,0x38c900e4a3bef54f1e6ee40ead42ced9f7e27a05,0xb087ec2cf65fa9372cf61a20602bd37399837985,dead-devil-society
0x950f87e3561e56e961a00de273bbb376bc66d7ba,0x72d7e0266f51584aa5be706a90b610895f0e5e6b,0xabb3738f04dc2ec20f4ae4462c3d069d02ae045b,known-origin
0xab55ba6f172b74a7da7326f0a816d4e0b9ee16f2,0x786cf79651e56c26fdf008fb332f8c2019b3a1a7,0x2fe776dd5fd2388f5ccaefad214989131b3a8d6b,crypto-noun-punks
0x05478175ad12226e56ec77dc82b8eddc0246135d,0x5e69df9103012ba9cb7ad56333b109705780f78e,0x19752581c81aaf732e467d2528a729c7a304dca7,hipocommunity
0x01d0620a053da393702b6fc1c66fe78ff5052784,0xd736a75c2bbcaeebaa7e791fb4916579d61d69e0,0x19752581c81aaf732e467d2528a729c7a304dca7,hipocommunity
0x811730013e801dadd5d1de0542c57aa110af6643,0x3dbc7e9953ab2cdb369621dc8d8ba04cf5afb4a2,0x050dc61dfb867e0fe3cf2948362b6c0f3faf790b,pixelmap
0x00c4a73f10b05228c64e971cf81ae84426a64780,0xfda2d4ea96ae4c6c21b34ec4e607576163a55ec0,0x595a8974c1473717c4b5d456350cd594d9bda687,mineablepunks
0x94c9ceb2f9741230fad3a62781b27cc79a9460d4,0xc5817a4c5e8ec6488c9a26c6862ff3060757b498,0x60e4d786628fea6478f785a6d7e704777c86a7c6,mutant-ape-yacht-club
0x7269c9aaa5ed95f0cc9dc15ff19a4596308c889c,0x10e5b7e68febf9014e08e2b38894237a45fd32c2,0x1a2f71468f656e97c2f86541e57189f59951efe7,cryptomories
0xdd64174010e6593795daceb6333045136decdddf,0xc616862382089b91ac6d288357f56b6853df3e98,0x7a975fdaf6e3195fcc5946020b4a0c5ef55f2a4e,trashpunks-v2
0x2911dbd78548e3097f7523bad42622c77d31545b,0x0fd4dab3b5be84c3f0263a2f232a4d3b195983b9,0x04fb03a5bac8eac522891e8dcb003694d75827b3,cyborgbillionaireclub
0xa4009d8eda6f40f549dfc10f33f56619b9754c90,0xd822b23f5857e5166e40110febec3fc786a422c8,0x176e0fe17314def59f0f06e976e1b74203be4a55,phunkyapeyachtclub
0xdf7a2593a70ff1e69b5a20644ae848558a2f7c86,0xc60c650bf09226feb8646dbabb1b35b5332e3fd2,0x79fcdef22feed20eddacbb2587640e45491b757f,mfers
0x976d31e1c2ef9361605b4c69f86e0a170ebfd0c2,0x57cee03790c7adc188da11fb4a1616971078b333,0xac381ed3a9dd91d35f6ce79a9fe5087177189420,xdaitigers
0x404e57e343556158f1bef099069bc59fd35cc940,0xa7a89677093952e70eb1b452548295a55dfc6894,0xac381ed3a9dd91d35f6ce79a9fe5087177189420,xdaitigers
0x270b157a6bb0290484866383e14c1ef9375c6fe8,0xf2b3614180d83fc813e2859850430f957d7aad1c,0x9c8ff314c9bc7f6e59a9d9225fb22946427edc03,nouns
0x0d34aac34be3c1b4928e1574c1263ada6603318d,0x16761459127a104057f8faf919171cbed4d82699,0xcb88735a1eae17ff2a2abaec1ba03d877f4bc055,phayc
0x2034437801b62ede275210f76e2d4e77d0198bff,0xb2dfbe49eb63bcc93f0ded83ae59291f7ecb9ad5,0x928f072c009727fbad81bbf3aaa885f9fea65fcf,roo-troop
0x9246c5d193594fed0a838e1b86a328772125a2f0,0x4568e47b5ed2e1a470790b81c79e2415d918cdfd,0xef9c21e3ba31a74910fc7e7cb3fc814ad842ad6e,warriors-of-aradena
0x9db0db8c4006a793df00caa6416b993a3ba90192,0x5cb35e419297771043203a95daecdebd92527a96,0x01a6fa5769b13302e82f1385e18baef7e913d0a7,coolapeclubofficial
0x5c4d2aa807d085b85d6b2b139d10f40455732b1d,0xf1e0aa9d82a5db529bbc442b1a3749062f55eaa5,0xd80eef7484c8fab1912a43e44a97774093007ab1,lazy-lions-bungalows
0xdca02198656a70982fa917cfad1f95530c7fdbaf,0x26596669ad4e68f3b7ded6b6acc16137267f963f,0xde6b6090d32eb3eeae95453ed14358819ea30d33,flurks
0x79e43c44d5509d00d584000c0a6b1e9e62609f56,0xc77ed3ae92dcfb1108224b5a4ca1959a19a1b2db,0x6d0de90cdc47047982238fcf69944555d27ecb25,regulars
0xfd88f051cd53cce8999473011d289961a5cce5b3,0x4f56143076089889e0d665ed0b7fa22004ae59ec,0x5aa5dd8aad16b62bc5419396d19b181d4d531dd8,drawtoons
0xb8b8fe22fa958b4b7b1279ca9ac11f9036586a3d,0xe1f479aa6b61145e78584acd5fcde921f25ccde8,0xfc6bc5d50912354e89bad4dabf053bca2d7cd817,standametti
0x52a12ddc5ea502bed78303793b155e74277b12c9,0x34ce586396b9e68788e3430e1c73aaff70f56740,0xdc8bed466ee117ebff8ee84896d6acd42170d4bb,non-fungible-soup
0xdee7bd44f02189fb0a8cc9bebf95fad933a8ccd9,0xaf3e0b1dd4f62eb91662df86e86890185dce2920,0x3f5fb35468e9834a43dca1c160c69eaae78b6360,koala-intelligence-agency
0xbe4df57408cd46f5ff38af45c09f206ecdb96017,0x3ced9e70e5fc0bf5c5701edb90390f106d78ada3,0xce25e60a89f200b1fa40f6c313047ffe386992c3,dotdotdots
0xb97d3e98a1c607aae7784cc2ddea3c77759e82c6,0xcb829d5277e03edad0e2d1e9a3cbfa8f6b40d33d,0x0c2e57efddba8c768147d1fdf9176a0a6ebd5d83,kaiju-kingz
0x1b3486487ac6ef1e9cd126160dfdbc322a7cba2b,0x6e7f351e8a95bbc35e50c24aca7b0df5420debc3,0xbe65296688723dde4d977d22588b5f50afa7070b,pixel-doods
0x35f53755ba9bc9160d31ffe86bcaa9b1d187ba71,0xac339ed0199aff2c5e57f1f63dbc30dd5534a1b9,0xf619e90052965e4c366c0c62af0f90216f35a5d8,qubits-on-the-ice
0xcc173076d0f082651169fdf3f6d02fc0daab0976,0x6c056c5c14130bb3dedaa0fd70ce4fa2c65f89fc,0x818a19a6d3f0859b68e8490a6e945a51060caad1,fomo-mofos
0x921f79acceeee39f0f828c45cc7d30a0fd144560,0x516b1dd379f27c45b3a6a9db877374fdb1b80a3a,0x2589382740f0fcca04945792688bdc210b524825,twistedtweaks
0x5d1d26bc8204a3546fef626d3a8e10d8166b1a45,0xc11c0072682dad74c3b6bf093e663d8fece620c9,0x282bdd42f4eb70e7a9d9f40c8fea0825b7f68c5d,official-v1-punks
0xca0d99834c4040498d7ad17c30c8def90e5ce58f,0x069deb2c26abcdf7382ffd5d19785e2a32968d78,0x282bdd42f4eb70e7a9d9f40c8fea0825b7f68c5d,official-v1-punks
0x98d1ee38fb137ccd42f46b52b44d5f2e36d4a66c,0x7461a3d5643e943bc8f8969d2abafd8e60dd4b23,0xfcb1315c4273954f74cb16d5b663dbf479eec62e,capsulehouse
0xd89b16331f39ab3878daf395052851d3ac8cf3cd,0xb3ded17cf817bf3368690e0cf072c52505c16fc6,0x5180db8f5c931aae63c74266b211f580155ecac8,cryptocoven
0x3579fb82f7c22f19d62b170b482766d0d11dbd5e,0x8eaeb08cb9a878df668d92835c0c08b0fdcec272,0xac87febdf7ef7d5f930497cafab9c25d35b932f9,semisupersofficial
0xa66734d48d564e4e1c016c8d2ea2e9131b41c1ad,0xbfbe3fdb93adb2d5899ac34cd189bebc86e08f5d,0xff9c1b15b16263c61d017ee9f65c50e4ae0113d7,lootproject
0x63bb9014a6d8ec1b56f18563c60f4a954fff9e88,0xc37777d4abfe683955fa7e05eb6ff8b0a8ee18e3,0x59284fecc73888e96f7f80cc20028ae5614026f3,the-good-doctors-ghosts
0x6be6fc85a0a7963909ef4572fae4df1ef100100d,0x6a01e9d6293deba42aa5eefffe0f903c94c0e60d,0x42f1654b8eeb80c96471451b1106b63d0b1a9fe1,chubbiverse-frens
0x3870edfd239cbf769b87318d8791d74dd9e36e77,0xfe9b259d6bfa1995d77999ff17ce9efaab7c7e4a,0x3b3ee1931dc30c1957379fac9aba94d1c48a5405,fnd
0xe8a1edb81b45b8fb8f5049f957facce779a45d22,0x0866239695188a9289ae52a55941dbc84b936d77,0xed5af388653567af2f388e6224dc7c4b3241c544,azuki
0xf373a10d21cc4a9f84421c69ec2d9528b6162012,0xee464a12d73d816081d30b536c44d0cd91baa14e,0x6be69b2a9b153737887cfcdca7781ed1511c7e36,killergf
0x4af337126bf510179e7816a064a86b6ae3d449e0,0x08fa1badac329a0b78ec73625357f9ac82e90697,0x71eb5c179ceb640160853144cbb8df5bd24ab5cc,expansionphunks
0xfe45a3d08a98f64230fc103e4ea09536bc1de3ca,0x3023c558bbb50ba1cedc4607efe4ad99310158df,0xf1bdfc38b0089097f050141d21f5e8a3cb0ec8fc,cryptotitvags
0x2f09f2a8c3f21a2beb5c3145c626a3405c397172,0xf1f6c091a2c1cf6a7223edcaefb670d7e2c5f22e,0xd33c078c2486b7be0f7b4dda9b14f35163b949e0,v3-cryptopunks
0xadee217d28dafded3d0c2fdc821d9aa75b3f8712,0x78769de5a6ce5e10b4523bc70a8f7ea2f85d6d68,0xb5068f4f23ce76f6f9e789e39b390de176a21e7f,metageckos-genesis
0x0f97670b863defb863a6865fcca3f345f5e6eb67,0x8acf3a14a2e6f926a3e88bdea793d4f401c1e14b,0x5a0d4479aed030305a36a1fb516346d533e794fb,moshimochi
0x6ff093dd03cb980115e27694b927435dcc71962f,0x959de8846f505e4f40efaa9bc4102a1d14c7d67e,0xafef885027a59603dff7837c280dad772c476b82,omgkirby-genesis
0xd9a36081b641314a75cc030038428c41934f518c,0x7b9059f176d25f13c827ba18383c9fd8ac6d58b2,0x7a3b97a7400e44dadd929431a3640e4fc47daebd,apes-in-space-nft
0x3483a25f884e5427c65486d0e73dbb4018bfe039,0x56a09feecb7ad37524d1670ef91516b98deec25d,0xfe0b6a59174a4a79990123ddfb0aca38a8a170ab,pork1984-chapter-ii-1-gczdJFRjfR
0x0832de2df6a4cbd9bb7962ddb2d0e87a325fc4b2,0x5a0904b34e0b38e261e9b50fbe6f2a551c6403f0,0xfacb4bc7bfa5007d91095564e05918c82079befb,littlefrens
0xe2b9ccfed8c39afeee0450cb098d9d0f9a6a0299,0x4c6f0507e15e956fdb0ecf9e8ec9f7d7cb0b109e,0xecdd2f733bd20e56865750ebce33f17da0bee461,thecryptodads
0x9300e4d9aa61d0445efa6c350cd804e044a1e63f,0x50f279956d176760d31b5759292538e2c049ae40,0xf7f6dee46c6bdcf32c14a825f3a714262960c361,ethertulips
0xb55d4ebd1772dfc2ac4adf07e1803fcd2cf34d2d,0x3f7f3e4f0de3e2cca4d3ba259bbc793810370a85,0xcefb4eee91a3ce1f3843f79450b13cfafd09f749,slyguise
0xbfa5b24a70962c6cf4cdb1e509e9d4fd8521045f,0x99c5c785e9df5fa1faa3ec47aaa279ecaf239caf,0xd07e72b00431af84ad438ca995fd9a7f0207542d,hashes
0x49250b4c245cc3aef1e02373d04c3b054c8209a2,0xc482106587ad265f9fad3f88e64d2032c5a87ded,0xd07e72b00431af84ad438ca995fd9a7f0207542d,hashes
0x6424f74ecbc57038b485b0828844301456008122,0x6ef27625ad73b115ef8ddc582b7a05b20a5a8a23,0x7c022ef6cc3a62851547c0dbfb3287f6c89661de,world-of-girls-official
0xec3d5772471c7efcb59a4478d4ae09060dad0591,0xbfc869e83acf7982b3103785b166070e81578d24,0xc143bbfcdbdbed6d454803804752a064a622c1f3,async-blueprints
0x58ac163ad6726249e655cb100f8bb7ce0357cc5b,0x9723ebe14cd21bdd26870458f175c75e03cd4466,0x02aa731631c6d7f8241d74f906f5b51724ab98f8,bearsontheblock
0x97f77a913a36b02ef69148b3a407c86e4657191a,0xbd0cb2730bc0214a7c5160c155ec6fa29870d433,0x35d046c9074c5391ad3b0c3289e6ac06cc751b8b,animeganggenesis
0x415282ac4420d3c3c2d4111f932bc71d6d385fd0,0xa3c3ccd048dc50b6a42a21aef98567783a518afc,0x67d9417c9c3c250f61a83c7e8658dac487b56b09,phantabear
0xd9d5dc8697b28f54c87c0ff580b91a315faffd42,0x4923ac06dea5725b61b6c7ae58d1299b9336ca24,0x14a2dff3b2fb4dffa35b2006e84bf1cbb0ac4bba,pork1984
0xfb5d1a0d4c728ab9aa80f926bce087a760b4cbcb,0xa673ab3ab4b41eedb0f4c161f9a5f8bdb59c46c4,0xa411c5fbf61dde466ed9b1f0120058231aa0a509,planktoons
0x4cd57e80d9d240eac120c26d49cf1b7e2217992a,0xfda375ce734e04acbd66575dc798b5266174e2f5,0x8fa6a34aa6a246f3e7f60d43f3596a5e61bed879,ethereal-apes-official
0x00d0a61c5cb78f236a715fe08a6bb4a72514f460,0xdc759745fcd3c58b66cf5dcfc04ba1d784b83e83,0xe844574d8ddcb6170840f8ebd57d6c94e167656c,r0n1-world
0x1d292afdcc5b8ba45d461afccdf53bc338dd566e,0x38ec60795e25e80236789bbe09a22284bd7a4a74,0x68ac52b01cf8234534ba2f3f72d40d09e08b38eb,mphers
0x0e1e697e597052cdeb768159564af4bc6917dc81,0xe416738718225ad004047abcbc0c5eff36ec1c93,0x2118fa9369b9a52fb6bf8cf3fd392643d55a53b4,ape-gang
0x0e050b2b7adb2cae5e8593e280ed5582953f9ad2,0xc09fd764a43ce695a4065d8ab0f7f85824a3a6de,0xca7ca7bcc765f77339be2d648ba53ce9c8a262bd,tubby-cats
0xc88f0f45bf1fc9c77a54a81b8faf380d2456168e,0xe049561c04441fc606d58963f7d135f42dbdc83c,0x030d5ffc1f8a64c58a040e0216b96e52c5cbe569,babyghosts
0x2afa3a4fc7e85ff0af0b8bf99e675a002d284ce1,0xabf0defb467982a0ff62775ccf780707ac13d0a7,0x9401518f4ebba857baa879d9f76e1cc8b31ed197,the-weirdo-ghost-gang
0x1cf4033841bfb456eb7490b34df31ec23b04b88b,0x9691ce69b04b53fe45a77dc464dfdef05d30509d,0x8ad7b81d23cf3301b3134ce97798a83f555f6213,v4apes
0x3df6b053fb7d82608ad931fd50dd35d967ac8ca1,0x4ded23ae33f46098e0bb3a6355d56467768f6c49,0x32973908faee0bf825a343000fe412ebe56f802a,pixelmongen1
0x6fb004f6585ea1dbc48cd17c64a61ae26ea76a33,0x66d3f66ade4a0781de5287bced4d1b7afc654651,0x5f5d1525472df82ad6bcd16537d93d49ee791f92,surf-dreamz
0x011671956844f31620bb8b9709f32230186a307a,0x0b3ad5847761c2142d60a92e9502d76957282679,0xf8aeebc5c70d08ba3e316738ab967e4e12d3518e,turtletown
0x3f27fd0ae3c84911513bebcd2d812575bd9c3aed,0xa12ba2e3b656a0462e3c3c97f0bfcb3b404ec803,0xa3240c269ad0ebef13647c726e532e964c55ef3d,soynft
0xd730b767c9b6f1489949f8284bce4e90355d0360,0xa65035f0aa73bd202655559d82473200d47b2b45,0x837704ec8dfec198789baf061d6e93b0e1555da6,evaverse
0x4b49cb19a31f5028163a65cac3b19a76bb54cd4c,0xca6d5eb802262dd2b17cef1b6d1a854efa6490e2,0xbad6186e92002e312078b5a1dafd5ddf63d3f731,anonymice
0x6ec24985813a985e1b20041d30e209db38ca1e1e,0x608a58b76143a38c8e39a66cb0321727ebebd46b,0xbad6186e92002e312078b5a1dafd5ddf63d3f731,anonymice
0xdf589fc5d4fbc44eb437833d4e300b1de4ae96a9,0xe1ac653ea8187fdda6ef869cdfc6de3720f35327,0x15cc16bfe6fac624247490aa29b6d632be549f00,anonymice-babies
0x171fb81f102066e1ff575b1310a9dbee1b0754d5,0x0f5ce3bd139c023eb6194ecd5590055e2edabbbd,0x9ef81bd443672ea5f4bed3bb3581a0fd49a8544c,thirdeyeapesv2
0x0b9a59d28869e6e52ae86c1289bc39f63ba92d50,0x506fe2ff7d15e0c479c5e8884090a00bc7f14daa,0x5aeb2a703323f69b20f397bcb7b38610ec37237b,chibi-galaxy
0xac8477812146eb215ff9ec4a0198973300ac4bd2,0x6ec3afb7486ea37b6f94fe75b590c7916d66436a,0x2bd58a19c7e4abf17638c5ee6fa96ee5eb53aed9,mannys-game
0x36abffa6255507618e9eb8d707e9fc6bd5457d4c,0x7e602858bec13e5596c7e50ec98ee76d1cbedcd0,0x0da642e3ed481b119cc212b6f1c9bef04e3211ab,cryptocelestialsnft
0x0b211cde9e2420b97abdf1ecd5b063be97543fe6,0x8c4271d8b62b4336404acc0d4d06e1a0b011fff5,0xd5af737470e963f40f9e681b2e9d12acdbbb5492,toastpunkgenesis
0x227c7df69d3ed1ae7574a1a7685fded90292eb48,0x15a8e38942f9e353bec8812763fb3c104c89ecf4,0x5af0d9827e0c53e4799bb226655a1de152a425a5,milady
0x01151fcc1e5006f511e982f712fa71d3cf961768,0x01e4422790a6f4e08516427a2d3f31c090b32a99,0x0ff1f3a53f521d74af73fe7433abf802f91ddd4e,gbabies
0x88875b6765f636bdd9e74d4e50bfc0c324387f72,0x22be1da4dc4a500a219f6b0caa74ab687d1dcc51,0x5dfeb75abae11b138a16583e03a2be17740eaded,hunnys
0xd112307e8fe0aa3d2d3382bdb41836a3a8137548,0x6f4fa1bcf325faf79a4d54f050f34c159ff44131,0xb32979486938aa9694bfc898f35dbed459f44424,nyan-cat-official
0x948f4611383dee03c04cad3583d7af4d1e4b893e,0x3cc8a968a01fb4dbd2c79488f61f4ad62456e088,0x90d4ffbf13bf3203940e6dace392f7c23ff6b9ed,cupcatkittens
0x2c773492b6292a060f99e28f1c08501ed8b30715,0x1509471affaa52dc232e7a7554ca26061888234c,0xba02e04c96ee4b38f8ad5b6cd0444ea23854c97f,renegade-punks
0x0cb8af226d28116f01c85324b0d920a6128178fb,0x70dcc9ba0a4d2a5bb57221fcb3c84995b105bf5a,0xc78337ccbb2d08492ec152e501491d3a76cd5172,j48baforms
0x9ee7c611f1ed588363ef18d90543349448ec4c6a,0x4e97fbf878bfc623b184b811d894b1471c386b6a,0xb2469a7dd9e154c97b99b33e88196f7024f2979e,fractional-art
0x167c0a0b9aeb4febe50e965db6293bd886c91322,0x09f4b9887bab1d054af0a5195ec76ea4c879d1c0,0xe935e764da0f1a2597f9c1bf13a64515bff9f7d7,minisupers
0xfb8f579548cae10d7f021f6e0c25852c5be71cb7,0xbf5cdcb26072c8aa0395af533db08d9ab242b00a,0x2ae3651708e5480280d8d777571d25b04536b25a,monaverse
0x332f4f6a1b871f2572958d733d5df77f12b20c08,0x78cd9e992ac79f078d9d6d936a4a24c8f8c8ae6d,0x98b486f4fd2a1526eb6fd09f200735d4a9fcadfa,lil-baby-doodles-x
0x88ada4bcaac711b36ccf455cba28950a4c6fbd52,0xc850db20542285675a77bf158baa792091f698dc,0x1ee3bcc37b747c29a0583352b3d9541f393cea82,gushies
0x32920ae0696c419338c928f4fff60a1b808bd3ea,0xd53ff5715d0a487eaf72a047faaf778538b7ced7,0x19534c6bc37fd44c93f3a6506e44f32a99670f43,kronickatz-nft
0x33b4e343df9e00a9c7932ce760b4e015df33b4d7,0xcb55c5d71a36f66f41da5c5fb9da09dcb8656604,0x62eb144fe92ddc1b10bcade03a0c09f6fbffbffb,adworld
0x281758bef01b1226295eadd164b13bae020f7c27,0x77fb68e764ddc3be9272ecfe44ae0e43275ef020,0xd1169e5349d1cb9941f3dcba135c8a4b9eacfdde,max-pain-and-frens-by-xcopy
0x68060cd4acf7f82c5ced694ee786b8bc0693424f,0x6c075ffd52949dd1bea5d4fb8e29583281a87e06,0x7183209867489e1047f3a7c23ea1aed9c4e236e8,okpc
0x45d98053dd823fdd585898617a5b3283baab7d81,0x22bb447274e02bb599bcacbd69e00e7c3041ed5d,0x0144b7e66993c6bfab85581e8601f96bfe50c9df,pridepunks2018
0x36bc2130ee4bb24c75e4980e115810ce0e873c21,0xde0ff3924cc9e08fb96e4c70ec7de64f764d08e8,0x123b30e25973fecd8354dd5f41cc45a3065ef88c,alienfrensnft
0x03b1a9e8bc6cbe4beaeeac277a042a584fe0af59,0xb890c95ad231022f778a86e3d7ed5517af0e5251,0x2dff22dcb59d6729ed543188033ce102f14ef0d1,g00p
0x6e003d93b28175b0ff402f623a1305d0e4cd985f,0x790e232fc554f253801f23ef3b6db74910acc467,0x8d04a8c79ceb0889bdd12acdf3fa9d207ed3ff63,blitmap
0x6237a836f5138e47bd6bb184fb4bcce7aad972a3,0xee9912aa96a42cf72593e2495fefc17fd6b0c620,0x448f3219cf2a23b0527a7a0158e7264b87f635db,the-blitnauts
0xe094b124dbff6e6a1905c4ee1c8dd65a805eb7a5,0xa024a96e8b300937bd2e1bb31a21ba7ecd647111,0xf61f24c2d93bf2de187546b14425bf631f28d6dc,world-of-women-galaxy
0x4e61fdee7f89940199925ddb0d95b71a19dfb629,0x3349ac55e6fa055ff199531d6936ab98a5b3df7c,0xaaf03a65cbd8f01b512cd8d530a675b3963de255,the-seekers
0x7663c0e072d91bb391be414586c31359ecdfee06,0xf58a2153dd7d77354fcf38b975522ec6d5027390,0x3d48c29bcf436498f1d3aae2d573a11fc9040754,mindfulls
0x606babc62ea4142ca839cb18e312297bedb12c27,0xd7ef1f156b13fb591aedef38a24a008f12e6db2d,0x4af69be25f4eb13dab39af246d607d643fe71968,baby-bricks
0xdc9525a6e02c8697558a848b883c3e4cff4eec0d,0x7d00efcf5788fe855f72bcf6910ffa660b9a83bc,0x9eeaecbe2884aa7e82f450e3fc174f30fc2a8de3,edenhorde-official
0xae4cceb87ec5cb90b06f94fe39d435b871ef967e,0x6038d02efa434cff67aee7e206de976590eae568,0x793daf78b74aadf1eda5cc07a558fed932360a60,wandernauts
0xb7e1ea1ed28ee96c69127e408ec5d9c3bb07e133,0xe725fd658d9bde5b13a006810b8e9851fff4e760,0x6069a6c32cf691f5982febae4faf8a6f3ab2f0f6,bullsontheblock-evo
0xe2e5b02db39ae7250d533a6b590e6cd6527b05c6,0xcd2b4c41962c41a6b1c40f1b50bb942b2c10e172,0x68d38de8dea4c1130b1e883b6ab18bd8585fa23f,wrapped-pixelcats
0x5f3e6529ee06ba0ebbb24943d84f0e9c04967746,0xab2e22554b64c83168774fd40a739ee5160d467b,0x0290d49f53a8d186973b82faafdafe696b29acbb,hyperloot
0x6bb901c959bc5bc148e5964d52ab9c05747f222c,0x5c2293032830ef9daaf4a665100ade6ec29c1227,0x3f0785095a660fee131eebcd5aa243e529c21786,superyeti
0xdb2fc08aad83627dd92532094ae44203283f2810,0xd2995b003ac0b71c7e52f1fa1fd44f0784823409,0x10cdcb5a80e888ec9e9154439e86b911f684da7b,lvcidiaavatars
0x91d365c949a0600638adfaed8081abd46fd83b30,0xf7c5c8659938e04c961564905a3918161ae46d9a,0xb796485fe35c926328914cd4cd9447d095d41f7f,cheddaz
0x4330b9b4313b682472804c39dc33636d11e14ab6,0x339540ad069101ba514c89d6c15ff6a80e209aeb,0xc878671ff88f1374d2186127573e4a63931370fc,los-muertos-world
0x055c4497506ee438c6f7a73a8750561d4a334712,0x28369d7ede854926862d3a5510851c9419af1705,0x3af65d01f6cde41965a2d591bb399c8f0db76afd,rebels-haunted-mansion
0xda6e1225a0241c0fdc2e912bd76d70056bc8ac72,0x3ab9a4d7c0ae233139f5167ddd058a65d47f78b4,0x22d4c35a4f2b229a928b1b569b2f60225976426a,froyokittenscollection
0xfaa2e20473d8b132c0d8649afc56182b75f0fcbf,0x607a2730b39fbfeea8fcdcb656bdacfa23501f5e,0xe5af63234f93afd72a8b9114803e33f6d9766956,friendsies
0x7683fb13eaf69b4616559480fa260246b77a730d,0x2b984c61768302264eb2463eec6d261bcf83f6a6,0x91680cf5f9071cafae21b90ebf2c9cc9e480fb93,frankfrank
0x6759d6af2615d6bf0ce9bbd9ebad31b0fa5c87d0,0x90d3c89c8bd41e78d80ec99ed5d403c473585bee,0xbba205283253e7adb8be4a0b03600c9ab4924974,official-kreepy-club
0xd21c77b4e51a6cca9582e3cdb452c8a0a439f6fa,0x17ad7a037d879407967b7ff49ba4d277f58f4a4f,0xbce6d2aa86934af4317ab8615f89e3f9430914cb,vaynersports-pass-vsp
0xf7446d097b263baf556ae9a11c5c20016dcaf5c1,0xce0c0c4aece6c55b51bcb5465998b4a1b495be10,0x06911466341299d79e9e1368a016c73d009691cc,fewoworld-paint
0xb603b3fc4b5ad885e26298b7862bb6074dff32a9,0xb8d59e30c27fe51e3b914a5c1984b73c261089ff,0x524cab2ec69124574082676e6f654a18df49a048,lilpudgys
0xf4b0e353d6ff442f5839e2cb87bc69b8a16c9e98,0x8d83323dee4edcd1e51b2601150b87e3ca4bdb83,0x7350271594848ab8c0371ef4afeef199c69c3e05,gunslingersnft
0x2647403d9fd062911975d2b34a9cc086c0406f57,0x87bdbb2e6cdacd72e147d48e9f3659e0ac665aa5,0x6c94954d0b265f657a4a1b35dfaa8b73d1a3f199,rug-wtf
0xcde4f75bf93d9660682ba9e36aac7fc709de4efa,0xb455da962693c15364bf6e655f778fa1f3157468,0xa195c9eff103acadef1eeb9a4460b6eba35f1339,mitofoxclub-by-tava
0x1f104e7b11a6f5b4a15a438e0a107954afd7769f,0xf040464a9f8f3da5d19c59d36e3a0f02c51ebe6f,0x582048c4077a34e7c3799962f1f8c5342a3f4b12,galverse
0x0128c23fdd8aa11007e16b6fe7bf65a6e8c198b9,0x7fdc0188c7f102e9cb3b1ee5b6b4522ca9311fb9,0xa80617371a5f511bf4c1ddf822e6040acaa63e71,car999
0x24fd9bc8b2e984062f7e9a8abb5ca46a155c2c2f,0x65b91e57b367879f6550e842ed9a4765e4112ddd,0x25e3357e8336ac4e6b315e3658c3a9dfcced7bf5,moonbirds-v3
0x64d106246d986e9a403a1485a9e0e47e2ae8390e,0xc1d115b4a56eb0d9b468a7ec8d731c8d172bba93,0x7cc7add921e2222738561d03c89589929cefcf21,tbac
0xf7188fabc798d89eac5259fbb0bc9f3505430eaf,0x3a7f34dc5428902343ec0313abd28658778ff157,0x608c2feb6b80993b26ffb6fa84f454ad3ac38bf0,goatsoup
0xfc9a95101e7c4034989cddeb062e906d93ffc7a5,0x73715aa097a38583704f7e17e9e7326408b2ed79,0x7ff2a00ff543f913b76010a05b5446e36d403675,the-pixels-inc
0x9edde862c41c5f63c71fc95b614d1714246109db,0xd1f73bfb364ace114b79daa9b73fa890f63595f5,0x545f0a45ba06c7c5b1a5fb0b29008462ceea07b7,the-picaroons
0xd3ad2b0a53cce2ebe6edd818c5d651806f638d47,0xb1dcd6af51486c8eecc8b91f52d09ff99c077d38,0x73d10536915d5837135d884490eab6070b065870,llc-lucky-lion-club-official
0x32becba61d96306c581b5cadfb5319e9fd509f61,0xb17fdf31fdbdab6deccad385833a51a465462edb,0x7035796ed535e1d338bbe1c75f9a75b2997d9a51,tttreasures
0xd5218e702b73877724574384d967fefe357f432e,0x0f6aedf180617582869ba9cc8888c351bc5457ba,0x335eeef8e93a7a757d9e7912044d9cd264e2b2d8,sadgirlsbar
0xb361ca802caad6f783bcc5138a36101072997e64,0xf14467807e54cd11e0553fcab89245d02e87e739,0x4f7e2a72a99d45f4fd5a2fc211f8dc5c36a049bd,girlies-nft
0x2c7cc359a029ee3ca7f80bb64e70d77c16630461,0x656134b6dd390650cc52f7c6bc1abcc79dc65326,0x6391a41819c699972b75bf61db6b34ef940c96f0,encryptas-1
0x3e1f074bb8a6107466b22fed9e3ee5373564430a,0xfeb8bcf3f40d6763ea395572963c5e5e3a756e58,0x646c83dd4dad66e2fedc87ea4fc9b03a3df49ebe,pandagolfsquad
0x1b81cbff9d57d8c0a605200c18c04f59c567d801,0x35a867bc116721933451bdfcabe8c6567fe32603,0x5f96fdf27fb8d38d317ba94f642f6be39080c71e,krebels
0xb32c23bd37cf986daa4f145198ed31861d584057,0x6cdc8d54379da657ec5b3f1aec77a42814e062e5,0x8c9a44a98b9a50396f26ef1201c570c8c3953c96,whatthefoxes-v2
0x6725b11610c0c396edfb763d24c8b8622bf6295d,0x3cd1c02666461141e264439f3fedf2c5a8030fc3,0xf621622c556409e0dd9bc67fedaf5258c8f3b792,weedswtf
0x159aaf748fc07eb21aa9726e2c53ca271fc62211,0x767bcf575fba6af5a510bc5ba3ed44a0869bb7b3,0x6080b6d2c02e9a0853495b87ce6a65e353b74744,eightbitme
0xc1c4fd0dc4d14258d181dd8163b30bc09743054d,0x3d82261f729e2c02102fe02f5aeae9dca97bd5b8,0x61598e2e6b012293cb6012b055ad77aa020e0206,bcsnft
0xd7c7437d18288d68d4ebc8fcd3c9ce6c4b431031,0x2866202ebd4579d5dc2116d3bf7e0c34002bc214,0xc657c2a3bd558716b3f6b843ef09c0fc628e4977,cosmiccatsofficial
0xa3a221ae9b47c4216359369771cdc113879d4bac,0x2e6036e5e692afbf989398a526d193b9af316d8a,0x7ddaa898d33d7ab252ea5f89f96717c47b2fee6e,evmavericks
0xe6fe37ea704aa6ea4115f26744271b2887ba49cf,0x5735c40aadcc1503a4489c680ff87f05add06ca4,0xd1e0a408f1e52250c8004dc1d193306bd9a6f9bc,alien-ayame
0xbf43722fa6fe4499865d7e9c3566192ef1e74452,0x55e635a477106937e5f728ccd3ae246a29ebec7f,0xd1e0a408f1e52250c8004dc1d193306bd9a6f9bc,alien-ayame
0x4fa9e6eb2c576ce92cf474358f40b0a3be44ea32,0x069f49ce7aa047729555d28054e6b4e97b1e7d4c,0xd9b78a2f1dafc8bb9c60961790d2beefebee56f4,tiny-dinos-eth
0xda281a162cc9f0b36c8d4f3b22d84da9c775ecef,0x8f10ab34720d0a445385360ffe51b75b6de8ed0f,0xe0901883d567f50bdc0f090ebe7d0bb6d1dfe61f,smiliesgenesis
0xc0d922b92b35c7b3f1a5311875e4716c7d913a55,0xce9e76d21727b1a21051ee22a545aaf73dd90468,0x03b8d129a8f6dc62a797b59aa5eebb11ad63dada,smowl
0x24803b90c97ecfe82caf8c0545b2a0d12c76db44,0xc83cc9b039da17fa10829c2538ea9261b3f288b1,0x81c50fe3f697e9d6f0a26664ace8f1cdd8f02bf7,the-banksters
0xfc0247cdaabc166423915077b666fa3bb9d1ee4d,0x0e0b5c0c5a38cef295dbb1366caa683564e31d40,0x34d85c9cdeb23fa97cb08333b511ac86e1c4e258,otherdeed
0x0aec1fd8923df8a782764cd1ede8416854d97f68,0x06bfab6825e49d7f533bf8e50fce0a81d319d33a,0x34d85c9cdeb23fa97cb08333b511ac86e1c4e258,otherdeed
0xd34d9ad163079bb9ef1ed89987d1d1a651026f93,0x9778ea3d1e01088093821ca814dc41cf80cdd0ac,0xecfcf35750129322c6d746b37d6399fe9cf17e8b,monster-satoshibles
0x7ade688c45e9a86bf5c5f892d86a66c131ec8dab,0x24aa168ef722fe5e18d7e25e31ac505e34881394,0x4ecd988f2861e479f7eb2e94bbb48709b9a2cb5b,moonbirds-at-home
0xee22e8cbff46dc51f932aac2a34745c4f4a26c28,0xdd2159548c8e6f0c773ce978b0cb4c9cc8e7d4ea,0x2ca113e1aa37d83662a1d3f84e209f7068700fa6,crecodiles
0x4bdb328e9735168f9a11b21ab4644c3a4e7acb5a,0x5b9f02c2f44e5bc7c0d6a936020ce88ad1fe0b71,0xfa1dbfeb3933acab666ce8bc7a20d5560fbe2504,cryptobeauties-dao
0xdda3c8d0bf7454aae0252d7f1eb22c8576e9d1f5,0x784253c300d6cfc9fbfa358a81cab67da8ef88ac,0x0588a0182ee72f74d0ba3b1fc6f5109599a46a9c,dorkisofficial
0xca275cf3b5c9cd4614b56c136f9e276e31aca10e,0x2cff220058b91769b655402a218093784558d2fd,0x7da30048214e112dbc41a645e37f9640ac62799e,crookz
0x30cdf72fbaf9cc3276e7147f1e8df2561234fb2b,0x7abd3e7686cd256dccf81184f7f42efe9adeaf80,0x372f882ed765796a3853bbde32de493d99d7935d,duckboxingnft
0xa9a96c4eefdfdf7f3a9b8fe6fe31697101b4b0aa,0xe9a961642b7a429840dada7c7d9e1ca20b107d61,0x11450058d796b02eb53e65374be59cff65d3fe7f,theshiboshis
0x5f2f947544cb7d4fd5c62215f59ad8dab348358e,0xe131da477c18aa781dd2e6729ff19f5631ee60c5,0x2acab3dea77832c09420663b0e1cb386031ba17b,deadfellaz
0x6af729685f5d194b2de85ce42dc4bf4b1e43dc6a,0xfa045c7243bdd391b2e2ab20af31444bd62e52d2,0x19bb64b80cbf61e61965b0e5c2560cc7364c6546,creyzies
0x1e537e2998665c8a3036ecd9fe26a3910bb89f9e,0xbbb59b8024b458dbbd6785beb6a30fe205d87055,0x4372f4d950d30c6f12c7228ade77d6cc019404c9,alpha-shark
0xe218a21d03dea706d114d9c4490950375f3b7c05,0x3c9fbaa0998fd45ab483d71e61bfe50349532454,0x9690b63eb85467be5267a3603f770589ab12dc95,forgottenruneswarriorsguild
0x05ec119d78d197ceee5ffb78e0e6aa4a9a1b416a,0x56af12f559aec32582ee789b795dc39d8239faa5,0xcab988394304d9a61aa8b61fb32b8130e3f6f68f,pidgies-spy-pidgies-yob-squab
0x8498b2528dd9f88ac2540eacbf9c38636a37dcb0,0x750e188d6bf3dff9dfd521a3c2909871906664a6,0x3f93d710ff8c449ea300ad69412e7b8f289a2954,ilyyw
0x929d96baf9025f0c54bc6d16c40f86f6dc90ab6c,0x69455bbab2928943e238e7b3a6b0ca804b4fc60f,0x892848074ddea461a15f337250da3ce55580ca85,cyberbrokers
0x2b7f88c927aa1631425ee967ea97cbd59b68db09,0x91672284b49de99f194721bdd729a6739b87f7e7,0x96f98c60c04ba6fe47b3315e3689b270b3952e26,boredbadbunny
0xfaa8453d995e20c949dcecddaee73299b854744d,0xf9a170486c64f72adbd834b569d3130a6f9fa703,0x160c404b2b49cbc3240055ceaee026df1e8497a0,pxnghostdivision
0x983bca9885d926a785c58a8d05a8f871d059b728,0x7d7f8e1c8e9df66e241611d0595ab2b46c338e92,0x13e7d08ed191346d9fee3b46a91c1596393dcd66,good-guys-nft
0xa10f5fd56b41dc6b5f5a8df1b5f4bdfc384bdbcd,0x6dbfbda4f6fa29e09e2b8d836d38b99c5de262fb,0xac2a6706285b91143eaded25d946ff17a60a6512,gamingapeclub
0x00f32ef509b3e3bc2a9550a593dc9b40d0b2adfd,0xd42c08555d51faaa78103e25b79f9a0c09087a3c,0x701a038af4bd0fc9b69a829ddcb2f61185a49568,kiwami-genesis
0xf0d897b371f4789bca950fc16835ea5d8c582658,0x29a9ec67b3b5acb13087c9e6c4022f0e19f9b31c,0x41f20599e9e049004c4d169046eb7023117a6244,gutter-clones
0xea23aff1724fe14c38be4f4493f456cac1afec0e,0x9ecd4042ce307a2eaee23061351f2a204279a207,0xbce3781ae7ca1a5e050bd9c4c77369867ebc307e,goblintownwtf
0x60ded1044f512f346292ae7b195a43848b625af2,0x070bfe1e7e77c9602702db798794db0dc77d94a4,0xf883ab97ed3d5a9af062a65b6d4437ea015efd8a,evoh-llama-frens
0x062d78d1d3a218a7a54845608d5bb6ce065ff2a9,0x8d0bb41e450719f25a703125182fef5f496c5dd8,0x4b10701bfd7bfedc47d50562b76b436fbb5bdb3b,lil-nouns
0x1576e77318b1b570f003e095d46c38319fb770b1,0x6ed7d6a93f8cd1c8f240089c4d94f3ab14b77fc9,0x255503fe2a00f6b1e3b8a893e2a4c2363be38225,pixel-goblintown
0x4fd6b0808d0db9880f6f4eda2f203e7ee0edf35b,0x5805d9fbe564b74a95a5c6cdfe27a1cd31b0ba68,0x4eca3d3d8148a181226861bb3ec3514706360362,dgenesis-dgen-automatons
0x2a1e7893f1d2d72555409d9d1bd28e3619f7ca4d,0x8e2b1f1fced951e1f9d05bc1cc0c1b4e9c3194b0,0x4e1824ca2e3dcef21d8eabcf11ccd2b5fd46774b,chain-runners-xr
0xae5d1aae108a169b1abe93d6d9d3faea60a74e31,0x2c4f86610a91c2291cafa02ecfca8bff1df8afb1,0x80336ad7a747236ef41f47ed2c7641828a480baa,chimpersnft
0x6ac3900a35f492715eb6f94242d5318e8951bdfc,0xbc7edea6acf9e8d96168a4b3ede2e879aa491bb3,0x3769c5700da07fe5b8eee86be97e061f961ae340,gawds
0x8bee639862d21d492f37e66b48b262ff35fe880f,0x7389dadede74437b38be81c2893a1614d31ddc40,0x47f3a38990ca12e39255e959f7d97fbe5906afd4,apereunion
0xc1cdfedd7b867427bfce398fe74ead11e90fc4f8,0x69e876d38b1660ceeac18743f09bb62e2e8984ea,0x6659f3b08403c11a2d98b4bec0027c1e41844283,significant-others
0x0b602cc52d1fb9208dd0a23185d203142d2a09e1,0x2d5d646022858a074cf69da09fafdc002b29be4e,0xf4eac65bbc94e3be2e3674992c31781032a6d793,the-uncanny-country-club
0x7f9285091a9e2e27c4ab0786723094cca30dd8b3,0xf5da34e43fbe70ed9e9842958f67cbeb530c1557,0xef0182dc0574cd5874494a120750fd222fdb909a,rumble-kong-league
0xe9aa9508aa8a1a0df8efb9ed36c71a390248371c,0xa2d3864fcd603868359cb4c4b28941dcae3624db,0x139732c3f717071843f90977d93400393bdf9664,mpl-official
0x29a14d7954f4f233eb6ad772c49553c78901963e,0x0d7750dc4dd2796ba17525a9e2c45ff338fcc622,0x1d20a51f088492a0f1c57f047a9e30c9ab5c07ea,wassiesbywassies
0xee8db1b8bafcde36c0023919eb3adb543aa83303,0x52ead842663146e4c621e60811b268347dd2e662,0x78fd3fa3ce045f59eb8c4dc7c21906295a8e3ab4,rich-baby
0xff70cf0937146c0d768f25702627bf9125abb486,0x9898bfd212865063a0dc5d470189f0341a35dc76,0x8cd8155e1af6ad31dd9eec2ced37e04145acfcb3,cupcatsofficial
0xfa0c8195859762a1448b9fac145b8531310cf6ab,0xb050656f358bebbf400c42bc91975cae7ae38daa,0xe091f84499eeebda6f76638dca218541d63d8a67,goblinisnft
0xe770493b2663004b356d3374ec23ea52f6c82ca6,0x5dbf4a83c1d61ecb5fafa97bc6cba42001cfb5bc,0xafe12842e3703a3cc3a71d9463389b1bf2c5bc1c,boredmilady
0x94ceba04563c7159f2210a24952b0889f7110fef,0xecd786d2dfaa81fe85fe21b40d51eec84697e97c,0xc4771c27fb631ff6046845d06561bf20ef753dab,warkittens
