0x1e9f6846cb91d1b70b3b8247f73d1c8c4f9cf5501b62d532e0b2b770b8c578a0,0x269616d549d7e8eaa82dfb17028d0b212d11232a
0x8ff62ccd16e49371db5848e5b55266c030e78cc2ec12721c3c52fda69c647de0,0xdcdc1c1cc33aa817cbdbe8f5e2390bf7cc43dc4b
0xafec419f364aca5558f89fc607a9fbd884cbb348bdc0125fb4892835fee157e9,0xea47b64e1bfccb773a0420247c0aa0a3c1d2e5c5
0x2feafe7bf839fad03731769834f290e9735dc69018d9ec21e9e8320cf5eaf4c4,0xf0fe1a87abf12099b77352bdcc10f5a87067b290
0x8c71b369078cc009e2f4e2f2eab8c0846177d054ed7d3921c953e8a461239b0d,0xd70240dd62f4ea9a6a2416e0073d72139489d2aa
0x35fe0020149a3e6e28e81a9f3e0857dbfdad03d5f9426c611dfc0284249e59fd,0x9b9fb226e98c4e90db2830c9aefa9cfcbe3b000a
0x3bd7a08ee189cd0f2c26c1cea406aaf57356396ddf86844273c6e29b7410bd7f,0xc7a8b45e184138114e6085c82936a8db93dd156a
0x0d1f7a6fed22066d205d3cb4102bf4d7e2a9d4501f26ffbffdfd3e8c849c36ee,0x641927e970222b10b2e8cdbc96b1b4f427316f16
0x038ab8dc54903bf6b2d86e346bbc81585a3f1e99b80b86531f0d53baf03f97c3,0x13edcc775f8895961b81db5c0205889b3afb3a16
0x56bebcdbd980235a3acbb1128f79ff635af30782984da91eff701275b0b471e4,0x87009c9edfd61b82e848ea758d1fa775db340c33
0xa21855997aa15d139d8aec15375cdea65645c620301ee61d0a52ea9eb87a81ed,0xe7f4c89032a2488d327323548ab0459676269331
0xa3b1fbfe3c56ecb4369a55e59b329251e7bc36adc46b87ef6ca2dc6209d52132,0xe632e1ea781df32c60ab11052958744cbfbc439a
0xffdfc764624e8316e7d72d6cbd22ae7495fbf8b530634da7d6c3092441780e20,0xc3b5284b2c0cfa1871a6ac63b6d6ee43c08bdc79
0x196e859b8b726f00f5a972396a2b17201b848bc1956ee18baf08e5205409b47c,0x33e70c9efabdf151f5c674a4addc104874980c3f
0x6fc9c01b81b1adaf5999ae10d001dd8da7c7ec9629a41b5989434f49f80184ec,0xc443930ecd59e55e42efe976b8a4ba0658f5c50a
0x3f2226fe9a99a95dcc2f034cfb07d71e6cad050a8fa512d50d573e19adfc2f7c,0xeab3a34182fea26bdb1d92c671883ee9c90b9976
0x3df76f8f69cfbab1b3544bb01cbae41405bdac6eed6e0f9bb08f146edcef60b5,0xcc3f1441e84f124a65bc9798a69a5c4cebc20dff
0x303a18bf68003709ffe8ab291f48031cdf47746eb539f27217fd05397b6c99ea,0xd6f7db7db116170ecb1c3b35f12c1e693ba70586
0x179fad29853a2c81521f577630590a4a4621b4fd106b77ec6f229bf8fb19df9b,0xcda16f62a8d3127ea0aebfacb221c1cc41b8e488
0xccfe3fecccc79cecf7f351cda9e923ce4a872e88b5b1211c08f62a5ddcd2db49,0x478e677c0bd24c848bd591cc5273383dd5f30e4a
0x6e37834b1ad8455d1eb710a69e9c20e92c17fedc1229d06d425953e9d26db7bc,0xcd9b72f6e971026ea8609d2918c7bd02e1653945
0xfe70d582b9904275a9fa1a8243da414e71628ed091b3344685d2a46e49301029,0xeb5a8eefdae23a815072bf28de8114a825c27876
0xfe7ec0b22869077537986fe0282174efb235cf9f44aaed70b91f4f2e4effc9b2,0xfde98a3bf5c7f6336ae4ce1b43148aeab7b7c89a
0x6bbed63274d852afb9774af2abec6377c25234dd6d4d65758d942bfef10d451a,0x5a235c0b4cb8d0e80a5c3bf4d2fad5c32e440884
0x854a30b72fcfaff94b9722f49e687be1c51b44346c521a30ce6317b76a5577e0,0x87931e7ad81914e7898d07c68f145fc0a553d8fb
0xb5848e5bc1dce43cd7bc8d25295aa41d72b5e53a0b20b578be0cb9938162c449,0x98968f0747e0a261532cacc0be296375f5c08398
0xe175fbaa67003c04ab89f997e9d8e315e4e593b0e4c5273fd945dd4d5855d0a6,0x42b4df7e402a71eae743c6c5410ce3bbb63aef22
0xb049f4d61726b7cddba6e86b7aafe812dd928cbe7c1938bad8f5b3fbada662ca,0x8d137e3337eb1b58a222fef2b2cc7c423903d9cf
0x641c9099ebe3fe73fcf8f311123ac58b4780612e32bbc7c2eab7a7c0894ea673,0x3fd1f9f2de01c9444df368bd7e63a3c0076df125
0x28be0a9c2490dd08af553b42b9b33a3388c1158befc859bb0cad40d157f0a435,0xb3b4431f812a74bdfc148d6bddfadecdc63fc083
0x182d85a140f4d3ecffe010fb5da14677f814e64db820b110164be51a08d57a01,0xab824eff029bb54a5fe1345dd8bc3c90c6e2402a
0xe020ba0e5cb3b42b6ab84b969524470b2033c3e2970a634d0b9d6ff23235f5b5,0x114f1388fab456c4ba31b1850b244eedcd024136
0x4b47551f0e9703fb357c212122fb81bb61f74783b90be41b29b15eefa3a2361c,0x58fa76519187a6505e1aea09f7e4cab9727be124
0xce79e9d58106486e5f629bba9ba007ea177d1e628e33f35883852de78c13f91c,0xd53998c536fc8b59b38aa0b49dbd8170d5ebf4c2
0xda570fa1067eed7c5c4fffe57171c3ec356d417e03ea1e1a6025352efdb7dba0,0xb39185e33e8c28e0bb3dbbce24da5dea6379ae91
0x29083a2cb34401acf6ce68bcc19ab65293caad2f24eb8588399602b7625f189f,0xee2d5cb83d6d9c71b1ff3fe9ba7688c7775c00ba
0x79c12adf7960db26f635e625e0758f8a6b122557fb99e5dcabed05ed7d9f6eff,0xe944f2b46fcfc9d0e887bbeaad95268d9416d0fd
0x59314ab67f8a0dccfc40f109f5d2daf99db380f478f42741385797567eca88a8,0x63aa9d05c025279f8e963ba784f1254814c1e12b
0x0cdf9384801991919cd82963b13d50dc823a06f031144bc794154021b266b23d,0x1b7d27361dc7163a55de5c31e1dd4bb08d793b1b
0xb13c6fb50d7795203196a36ba9114a3b4d16a797f5e99b270460a4bd669abe62,0xc716cf01532999e5df45e1bd09743128c5932821
0xfb499c63e2195bc16fd13aaf2ebd4c77ddc731ae7f62c34bfddcedc0c7f67d57,0x1b9aa0b63e0f025cd544e4d350ed81429b43b724
0x5d98517531cf92ca9bb21e361d48b00332d5c745a59ed758b6dba164d56cbc3f,0xc73b038246d6694f1a03b6657bd167a28029ece6
0x1f0104c88f3e4ea75b849cd619f1595d2447e2ec491ccd63bd23b56827646d75,0x413f6a89ddb823974f24f2e3cd3b4f467d3bbb38
0x3d4a42600770cef09d1f0d003a99d8b976e0a9a99659778cdd11b022a40de7fb,0xcd46d92c46be1dbbd5ccc497e95611abe9d507bc
0x5b3038e1c151fc25f22ba2e073975d7ba821f62075b179e654f44ce482ea311f,0x57feafc794ebc557d1d211932d564125f14d6a31
0x83d38b14d6424d84a5936054ca98c8edafc1c6640d174b09c35f1bf309074b22,0x97aa8e14db0bc073cc7e2d42ac715427717d6042
0x8693d99698e1a3221fe764b22d8bd1f6c0ce1c9988488f21c795334a598570db,0x2f5c3dd519e8a502c48c9fc104eee64fdff05f03
0x50036cba8de412eebe2270f471fae044bf73a68714806c36c5a1fd1bc1307a48,0x82142d387f977376feda4d47358a2aeb852d3c21
0x3f371dae0b948947fa206a80fbbaa4f72444ea336f9ba186924efa87fb58de2d,0x1ee01654665303a5dd2744e30b576941880e3a73
0x4e6f589cd55f28611d65e746f8aee46cda04c76c8ecf1203cd09cc9e3d180297,0xea6c27d11ccb9306154f87d47dc1405c37242081
0xf519eda2f51e88c6109b10f13ccd4f44b3d2a116777db66b66f0b4ef47fea62a,0x802bee72f39612fee157ee74399caf654e6ee952
0x7162b46efd6c4fe7da0be6993ff29f45a7a94756a44839f4043b52b080c6b8bb,0xc57baa24f72037c21f9c0d345bb6f19f47407447
0xda6cf85ac55ec2c423145d150470cbd32e5a49901c45eb14aab36776d8635bc1,0x6443e507f53b526042d0054867a60a4c0409cb4b
0x6b9ace8c97d58f7123ba3f75dcc19a7505b23298c3813bdfa4503c54a68d0629,0xb2c62e0a1f5837356e399359ecc34fcc49a02093
0x044ec215fa989f8f21f3057ec51abfc48c59baccc9f5444fe3381e994eea3315,0xd1b859c0dffe24c3cd5502b0f3c6fcf066da1d9a
0x83a584e12ae1cea4d7a8433817db1a7f750ce4a974b5ed1735370a57442a0e24,0x4a06625085fdcc7c60d611949de1f7bf12d88219
0xf46bfbb4e6db1dbfe4deb88c29e540941f75b5068dd8a672f5d70d130cd4d313,0x5cd56bf2cd394ab185ba4976fccb68ae28930252
0x879863948358244df037ad6d1b8de1de465b673708601db4d7feb435aecbcb68,0x7228b2aa3ed9d5bea1b6904502540e01908c9b9b
0xd65d3d2b04054f4ad40fbc9278bd68bfc19716ea6dce8cf3822623495196a325,0xa4e4ff5a3aea352378a3bfefef13765130909376
0x4d8a32c652a5cf73620080be11ff40fc3eef05deb903c71e59c456d525312b00,0xffe136de12a2cd95f64cef9f36414c93e9003959
0xabfa813340f1e31e541282aec804f513178008a4bcc7a9ae21656043502a9be8,0x2928a3922c1ba54c6d23f3430aa5ff04ba8eb759
0xf47ed46046f5cbc9a7d1d10ff76f6d72992f874b1cc5a601edbdff20500e0f4d,0x78e09c5ec42d505742a52fd10078a57ea186002a
0xcce1e967bd02f72a62e5325df32391b8ebd2529e36fae7e8672d898d78f9d116,0x8b7c94bc9ec137d67fbddb203b2814f0f1f9b377
0x1ae375e50032cd2a1aa588e3dc0a3ff63e54766686f4a0c230d19ce5d76d294e,0x7d74c70120cb34dd1cc0b1fb72493b5ce4903072
0x1051c9ca456f12544818295274350e1f1159a34eb6775e7cce89742667d309fc,0xd2c562cd6cdae7cd97fb51474b15dbca7886b935
0xcf5e197757d1ac47d3e8b8672b14d995eb2a410ead2958e09067cf58e6f18bb0,0x1a03515b72ffc7709d4103c75e74c2efb32a9133
0x425f3982bcfd65c0b94038e3664cbf56a50d8ef48ca4ee60b8d1363938c20fab,0xfd076664adf9f16615042a080b8440eff5465de5
0x83939b2cacd986e9f8db1827e378253d863c601f4fab61d23d0215683704e34b,0x6d6396f47e5bc50c0a858032651a5060fdb7d83e
0x72c7132e246660a14093666b92a4089ac2b36282112e01a544b51eeecda9e9ae,0x6d9f52b53ccb1b7b62d4fb1c0dd3155a4f445b75
0x3f186a0c85ddc3ba9e97301a84687c4cae0913df2eec1d1370c8d4c60522c153,0xf420ee054d4c0b33c260f417232a84831ae54d01
0x34f1a46e1d3ebad93cb8547eec68944c9833cd34a552d6d77f85797ebfccbe06,0xdffbf528718da939d9646d3df23697866209c265
0xa2ab0b5b15bb438cc3ffaafb4a16ae14d783903fe087b18b1c4e406872bd2fa8,0x1a6c3794ed7d4f7040f87ec7b56839357e86b735
0x5c8f97d365dd7cbd651203270e8eb739dee351b497a02218bcd46d6c889c8c16,0xade585c49408187f8cdc151679c8e4d315527a24
0x6c5f9efb644ff47fdfd0fe2a88573a18f5a3d0efd7f8f13134aeb9e10168842b,0xde8743da1932685ee851445b3f402fdf62d5264d
0xd4ff053c4d87b59f2ffaa53c1985f788551545c810933e775fea0c17eef4dc05,0xefe2eadf814179d93651e07607d661d2953cd55f
0x7f1916b04ee99a0101634ffe9fc6f11cf8176cbe6696ff1a774c913d9e05b721,0xb5b7accb7272a6a0ff27fb1e8011722ac9ae47b7
0x8010739506261a624f1ca13f2ec5a1c68df05273fbdb6576444b4d9e6c7b71ab,0x21c9a691377fc5941bd5b8e7b94b6be71d543d7a
0x45558fea15e0af580f1b12d3e792f1916d59ce6a2c80d76fd749d42317dbb7f1,0x15e2c631d1a065de54bea4c9eaf39e3e3506d969
0x3ada1e68157b4d92fe7bc408e2f8a5a567a8699b02f0c812bb831bbae87de8e2,0x69784fb3c658b3d5426df28ad1a4b993fcc53747
0xe5e23db84d2463d9b4d58841574b33932d09e3a66ca497a4b212745990948ea4,0x81b88f2d8920c25de285ffc708af0e0f5822bc1c
0x005857268f73aa9569b89fa8f3f34390e5caedd7477b30fec5ebfd01a1c1dd67,0xe586b4d21b6652a67f5bb5873002c661b015327c
0x385aeee1c98f56339b26b38b0f9dc6fa71b3ba501e69104444bff05cbb09703e,0x53e305c27444232ebf6712ee361c4906c5e8058a
0x942de64fbdccb8f9829d5db2e8efc95b193874ce748b4d4df5912bced1671ec4,0xb714887359bff962fe2053cadbbad90e0d303ec8
0xfded8a5b1681083c6e5cbd8daf08f977a32d000a98575e11990875b0103eee36,0xf8eb56c7e4e3c885c905a19583bf41644d35aa0a
0xcdf9a99ce701adb64e1f20f90ab97853bb7bc143ecd8b99894ba514dff1d4099,0xb46c73dc30ec8ab74341cfa822cac1507b5a3b03
0x00bb3e8a4b884fe87ea1304adb16159b0fec575ad12a8f422afb3f65e7992444,0x53175c2bae7e32c0e8366a86673a7e62d7887f34
0x9f9ef50db2617193457d2361c12a7209edaa0624df02949e369c1fba4b3412e6,0x474a694c0f45e8f633ceb350b1340a43f73757db
0xc6f0f9f061238f6fe5c257fb68be8801c6a8a06784fd8ce55f59e56e674c138f,0x890d2207ef75c8a3e17114a50eb8486703b048f9
0xc7222a198a571c816dcf7560f5484854fe5fa21c245302de49cffb37520bc50b,0x62c30556fde78b3423075758dc3fb74e2eccbfe4
0x5020fc9261e5f84f4c4b48924c745cc00dfe31bcac289479759e248b8350081c,0xb3a20df6fba4000d07702e362754c49d45fb890a
0x9768a7d123483fe84e9dd9ed9695fb75f54d311358b1e20db7ecbf139d61efa8,0x075504948403b228a289434c5a62f032be890ad0
0x3ee8a21ff02cec7e1a69f1a153965d0d51a0858dfd54aec754b3898b18dc90a0,0xf887f2af215f985ae74b80b8fb29e3ed5a238407
0xa6ad678ae14929c74caff7d292f0cf52ed3f8362916e7604eacde85008b3c521,0x6ce848f188dc4feed490f221e7332feb7af00993
0xf33426d8e7fd4c53b215d611e0050f257e9790a34563a5b0d751273302b30323,0xf49ccd870a3a08b296f36e4c930c057473c63187
0x5d90a3240970df84459e758df0f76c93f15528988be26d8855621d0c13bd5e0a,0x726b0dea362c46fa251d7cd840d5b0b57eec2724
0x69a86e86eabad8d5690ea26702783bfb8f4093c393df24ceca2a134245c4be52,0xb915f83f5744c3317add69f8b2653dd35c25cd26
0x298b5006dc1078b20a3ef8abea74aaaab9203031dd82e5ad88e3499dc5b5ec9e,0x5e8a5f4b2a24e1ef33ccd98ef0e4e65624c3ae70
0xf4adca1acd9dd8702d4763c4a9a505e21f4517098f95e909e8ffc845fea367a7,0x85f373ef7d3d4c2675e6215242670987e35886e2
0x71b6c6e9ea4d8024d2350fda32881170214c5d2de2432595ad7e952ab273db4d,0x131f3297f31f803889aa6bfb43a5291cc3149ac1
0x7b574f539a66fff78462e070880a3b80ca110bb944768ed7e0765d5336fe2c72,0xe306a0c20d060a3f414a0b2f4cd8397d54cf9491
0x08f237ef84e531d857219330158fd43daa055542efbdf49d0a8ed9795bd34d0a,0xecc0b0ae304d08e5281342446b65550953d03fca
0xb744aa60e6ea0d87b50fdb586ac30730e0ef752f892dd36085caf00cdb41c8b4,0xaebfaa45f98b655f85fdd6df3dc8e9c073a59779
0x16443072783c6d22ed20a2cf8cd94aa88a4338af3771eba2c521908b7c1b3326,0x692a806cb7e2bf3f25ecffce5f4a23daa95f1dbc
0x305ca0ebd1c2a9e9a7112114c36d181e77789e9817ae68c94d5b90afdfa138d2,0x1b3ff0fd4554208b2932df5990d3c18a91c5c205
0xd1826180deba153c769689ddbca01d1ae3e61096ea2c79b0c9ed86cd314fb17f,0xf2a100b6b96788aec4f6539bd156b99e6a2eca98
0x799c37d83d25ee4a92470d3c63825e6b5a1932959548974278ed39ad4ca4de37,0x8f0bd61739ba9b1d4a1f3ee0aba9b1ac8f961b57
0xb40cd52a4d0ee939910bd5141e91580d73502374be60b78de7ba3cc64e48b90d,0x3b8463b3b117f6fe9f8f02c917b38722e8fe45e2
0x7758e412a2a0763d5ad8cc0124a21acfd523fd984bc619d8b22cd93edb2f43cb,0x7f2092c7c3db062c6c7b3921778ab60d0af5ce08
0x50597229ba30b4f4b78cdbac58f0a9c9d6e476330a781a7180527c3b1c66b0ec,0x97a82e2bbc043e896d106d76c218984e6a3de279
0x2fc33cf80ce56968f477b9640ccfbe2b206db965ab61bfed2e419a134816f1f2,0xb88fb3c68bfcc5b892f317d4f1bba25a1a8a1033
0xf759d9fc6c33955d6163de3230846d58e6814c05228bc5b92c978402965e55f1,0xf499b7d2c2da27c023318dce53050428071079c8
0x819702c3754899aeddaec9f4e7d0b0f72d639cd4f0729c06b8d180c036b160c7,0x6f585f03f7d2a5a0d00e3d6b873f4b6cca49f6e2
0x62980e6bb73423b496432caf380c7645290ec24a42e0c0306b69c21f42ca7f9b,0xabea7663c472648d674bd3403d94c858dfeef728
0xf06db8ed25b964d28725486ce43fd53885b30f209607f4dfdcc7de750c2917d1,0x4304940f12f9740ffce4124d0e2ec1340cc6f349
0x39f137254eb5e34e5c98b2b5b1dc0e9f7400fd447a327e0019daef3ae09a9aef,0xaedce4e89671829046e668cbe849c949df222cf9
0x64a86e3221095a58b8066abef96d398c29ac06e9ac556fe8b1d68fc4d46b575b,0xb431f21561bc6785c579fa1a760087d884854ff4
0xe9ac666163d94cdb2275920de77de147ba75f8637330da50377c1148a47577e3,0x60c2f34de5fbac94e3a93d0455937f3f88fbd0c9
0x528a29c232c0b36cfb028620a9e75c6af50a6babffde9fdff390ee0e338e618f,0x0e919edc45af86f5d7083c7f8f590240321690ee
0x7a4c2740cdfdcf2db9394fc28715120967448e4021caff5b45bd7eb1e2be7d84,0x970a0b8028f6ff85392824f20136dc9fc56d7488
0x603ace143fd176c8bd637534d72d52e867bbd41d2b59560958e1b1bb44a352b3,0xde33e05b5dfc4a895addf9e73ce8a95ff7f3c97b
0xb2e5e4d40fa25c2e1fb980f8a0e45602a91761f94374e752e6083d2be632c251,TIMEOUT
0xa0bdce85d41b38135d09aff65ef03c9b52956c500d825fa1a29fd22b88671702,0x53f10ac913ad108b8dfbee907a710f92f9b576dd
0xbc7b74a30d770a9b25d629c70297acb0cad1a2a063e9104a67405e72f40eb3fc,0xea1f08c0debd728753b7196d689d065d1b5d5585
0x1eac106f8dccac3ea997cfdab8603ab442e829ab973e0abc45dd4975da7dbff0,0xe77b6781b313e62ec526bfccf347db6bbd557330
0xe1a043c64e0606e6d705d4866b63892ac88169cc41543a9ab92d7abeb1301881,0x39c8f8809eca6ce8bd0898d506cc4cc897eff288
0x4c5b04bdb6ebe7b039b38ed0a2a2a9a86f4ac2698a78cf0a7ab5062f2a1826b0,0x4aa7386ceb1d61f2665f4ae65af0efbc1a099a11
0xfa146fe2c84d7be1f49ccdf1069d46e429698e20c733a418bc274414e22be53c,0x051218de982d91c3af03187ed3d8a0dde8231333
0x8db4e1875c93b1491d5026b3ce459c93642478501de2cea3a0b62cafa241b433,0x07ce813ccb626b28e48dfeb757478211850c7b7f
0x6822daf886f9e0a57c673952d2240a4372291199baebe096a69088d9ca1085f7,0x96c3226346325f1e18b13ef3fec12e5d7619b336
0x2dc0828f47a43510be906d17e4f49467067af315f50d2be6c711ee978801dd0f,0x3d3738c698e868a239fde7ee21e37834c7a1708c
0xfd3218f0bf97ee3fc6f31081b6d1cea14aa0261c0a239c69c7c089e00a41557d,0x6f565ccaead021b72b7298373199242ad1de2bc2
0x9537220be219f689f8fcabba696d0dbae238dafb32397ea7003d8eb1d34a1ac2,0x01b0b287f784ccd19cf0a7c11127a70963fd9d30
0x14a191b7a0f5bf6be5380264a789e37cdbbfacc4a137695a2085efadabd8f354,0xc8b76186a4be8d399c06d9391da531577f810dc8
0x5779be85c58d34f3610f11884a0fe5b71ff4b776283d79b0c66daadf92de4b97,0x0f1181779c22a1670837486e1056112fc776c6f5
0x0faf2d56fb1062d81d5c283a922506892afe76a5a5f13e67ec673610053e6f4e,0x1ccbab3263099d9787810c3f5d55db7a8710fe2f
0xc4e18ef167be2b7ba101dde4aae12f99c1f6a13c1d0783941bc624b44a1b3613,0x32fb2a84af5515f77515806ea5addb54c923237d
0x78408b8b19d4247f48a82c60adad90b655baebd907a5d3aecc1caaaea3ec8d25,0x0f8cd97268a49421929e7f1a0eefbe74ad8b60da
0xcb8f84430ad91b766e2ae78fd833c91eb738acf5a46148f27fbcd8d1096ef1df,0x5fc28c2fa0bee55e9837ab8f2257180f0c095c36
0x8b382b9cafb0f674967e6e2036f66ffa9dade8b5d64cf02bb442833e4fe4d14b,0x7f903de55333c233a022eadb8f344fd69c2d26b2
0x4461b8c3b4bef8113174f2c08d6309f98c067ec1b567e487ca9e332a3f434073,0xa3d970abc5d4e20a7fc08fe1f18af41058314a11
0xd4a571548b188cd1dc443b7926818c592050efbe2191722cf5a813f6cae3d57a,0x3a63cce6952985f58bbd10c4791b6ff1ba93fffc
0x36fc7f801bcb37b4386ec9a12bac1cf08eac031f2f312d67b84cff377e8c74b0,0xc0dcece6d9a79607a854d42e5bb50a307c060457
0x2b76c365e99242d8f5cbe93392085e3fa711d6e9ed69eb4aa980e68d1f27b926,0xe581f272706581f9dcc362df3c7934e99192c492
0x80e9d88edb10cfdef8cee3c683fabacddd63a3e22d0af92826643c9666661550,0xead894aaa04b23bc39a3005b79db86c182a1741b
0x110c095ba668fd60ee50c58ae65b9637ebaa25dfa1ba0c95b17292e8a2b343b4,0xdcaaca96ed63f15e11723da0acf8639af71c70ce
0xdea76c12d30415303dbe57da820e3c578f8554b01e693ced974e894ee9938a96,0x04c5d215401411c4f28e167b3e9e3290d1178cd8
0x6598427d2cf9b7b39f5b69dd685e86c4538b1d4ae656b1babbc04d40f6c869d1,0xdb92b81896a5b07b58238488e83fd17ceef43ba4
0x0c4e0f47680d6512936035ce2282294fa0df9effbedfa730acb66359caee322b,0x4dfca7eb71d9edbe5714652cc7bd81003bd2e059
0x72f4f16bd39eb96654612ff7568c0c246aa76f38539e3bdd7135a7240c059fa0,0x213d003ecc4750c220795f31dbcea1fb3bff67d1
0x4e2ed892e14ea4fdebba67dcd9dccf78fa552429ac10480a00809771cb9c4dc5,0xb98217f7f050aad1696467a1559e726381879f33
0x1e011182d33aea83f2d7897c7871518f360be63489bb15cdddb31ceaa4c3886c,0x457b1687a54cec1ef374a0a13f10b4b4d3a5066b
0x7d7e5d293671b938754a00b3da7324fc61b4e620ae6bd519bce40ba71a9f0ad6,0x64b830a2fccf31c1dcbbbe119fa15be4b90288c1
0x6a75afbc82bc8e48b0d05d4d16433f11ae35643e9f8d469822faf886dc2931b4,0xcb5ef4bec8bc378e3763e22e028ccb4b67bb23b8
0xe16dbda8de4c7580e16ee0552f11c98c8960e4ac1830a7b21ddb153640ff91ee,0xf434fc315977143c321a07406452a87ec62cb2d9
0x21f0ab3ef486cb8d4d2b31d9de6894d2e81dfebe2fb47cb8cf0c2dc466311559,0x33a308f15b87bb2057f1efb199fd5c70d9eeeb18
0x264f9827c37a44555fc2cd86d08266f70c99c758a858f971ff19f1e0c544d4ee,0x2bb2820371ef895444e58f285fad89b3a86fbf6d
0x95db288ed36303331992fad1912dfdbe76c4c0d8d278894a2e21e5e1d86fe058,0xbb59cf6813a56ef9b02eb830f32fa25fb3e3412f
0xf8b2449da3b7ad77f52737f4aacedad5f07452bd7f72ec7fea135297b9f1a727,0x30a017c4fce713cee705270bfbb2cec2275eb9df
0x5bad1b0c79c6384a9371eb3426f0a567cf43f3446ec02decf499ba6e186b66f7,0xdf63184545a4168b8f8f307bf9dd615f61b012fa
0xe3979d4c9aa64b8e14b2f38317edb480049e2f1c87930ab71375103f467e6ebb,0x494e5434e6872c83685ce223875b8d489e1779ff
0x79e47957e007985a5480c0aa6aa79570825e0640a855d44d61864b5fbd0052ca,0xdac9f64295eb76928e4563d0688be9048373f13e
0x5b45a82da7146934f47654cf3b5cb83052b1ace654f3f2ec96ea3808c9b59d6c,0xe9744ae7c29c27c4eaf0dbc11e419e28b8a87027
0x912f4562a5c861d9e4b49f0faaaafb8ce7e72d2d7105a3a62beb48413e082335,0xeeb588a5c9a630c3028a22e86a28fec0771ac113
0x1ba04594c8b42abf89ca6c58f0f19f21b7471a2f3b2942e6e3d8c8ff4a42758b,0x5637e3cdb52c3fecd1064027ad10eba06fa705e5
0x19e44c318d32613784249dede3940ceb147141f3ca3d113d55b8158d2eb79eab,0x17163d305866c7e02004235ecb3921fd5b5e5d84
0x289c2c26d36cbad6acf2395942f237de557a02746e94f11cf7c08c6a41ff60f6,0x1093f8a423e5f79e16968ae13c307572128d1fd5
0x89cd0b36ca0419d2447133791ea932d7bdc4d1d81a86b9bae6fe453b85bbb9f5,0x9af23ef56708f0d186eeadc14a3476ae4de4779a
0xaa6a3ae29eb81b5a43f07b0bba61201d2d432ba5114bcb3384a2a0f48e1a774a,0x244ebeb9fe1ece439a886fb1f1b143a8bc44de40
0x4b3aa671f8af6ee68e47313daa3f8334fdf5a557f4f0c0276cb4446a5e979e45,0xc700ff7487c356aacd6d0de9f4c4c51539431eae
0xe555ebfbf8fec5e3f28942653f99322858d7804bd15eefa85ba86a5383908fae,0x54d339cfd8f308d32c2f07f5dc9dd34af7753e20
0xc7c2dc26c57e72e6062f471647b13638a4fb18c5f6a307525333e37522c5f9e1,0x09759d67441ffdc8f470f368776368715d32a261
0x9a5d5e8ecfd0546941d69c3eca71bd6ab4b71977fcfc58d160531fe4e2045238,0xb41f85b48bbdf2060c38ce5991d552741e6a9aaf
0xb18b5c3f29533e9c7b60d78c9bd22fa934d90cd686926cab4f3b36624150b22e,0x9a09eec78998924c24b287f0576253ffa9e87c21
0x50746af422383088cc9a7707513a5d176db8a607e90da47c6a3f455a365f73b3,0x8e7d2dde3f1e81d097cb5ec29d21ea7588833fe4
0x0269303ac8b64d821179436d29187d1a6546736a28b7da1eac984ad1da8ef1ae,0x7094b71f08f3ab06b6592be00599c7f47922a51e
0x09487c01673eaedf4f5d718deb223710068db80a056772ac2b4a8f13d7b5deb9,0x50100005a59a916627481b5443512b8015bce41e
0x4c1cb4844961966fca870894586a99f0157b092879831fbab51d02bbf619327c,0x047c4d75888cdf0b4b9b1062451bdb03f6916b62
0xf892a1e2d90e4459bc99a999f9bbcd7cd8027bcd236a32f4532bc78bc6177f37,0x5ce188b44266c7b4bbc67afa3d16b2eb24ed1065
0x20f1b6a07557a2388bec46736e01602ebbb2a325f8442e28776109e48b96761b,0xa15f6e2b82050728d27a2c66223140282c623ca8
0xaf8497177721c72d72eb7b931c871117ab7f4c781ebb40ed8c41a0a885e1921e,0x991266869bb7ba6f0b9dc9564b6792264d46fca9
0x5a24d7e193dd29956dc9c273b782327648c6b886f14ffaa78d9eb56906bbecf3,0x4542301fc134dcb92d8464b050d830415214335e
0xd609e54774bc497faedee002556ac45de2e7dc45709e57ba6713d5c5cada4999,0xebd9dc65c723cadc0ee4ee5a8013ddd3db98f250
0xf14e29587628f485a6bd3f5c35aec1f3a126dbf8d0fd8d8bdce773d6e9b8489e,0x87f41b00246c5a991084c7f6eba3ad2f2eca1236
0xde547ce350c1eefcf14e4c212457c906df62e52aef835f27ef0eaba8666d6d17,0xac156a935d8a829d7005b8e1d73540806d7b303f
0xf031aa3452d4c57b809d40e84f6e01366c18d7e091e299d935cd0b23d9e48eb6,0x13f98f4cc80b32d328cb9802cdf0570aa925bc27
0xcde86abe11d96e749dd8481c678be53d14c42ba0dd2af6825a1b6370e146d7a3,0x219cab58ff00399154410364e8f36cdd38227721
0xe867b0b18cf7fd160368644a891d300125337a5a43b518283ca7cc7392fc48cb,0xa34c837add1a29bd063279e1202e9cec71b9f406
0x016c58b422b0a0fa45871b8ad6eea429f1ee97c00f028ef0d155d99099b5cde5,0x9617aa85da523c1c41a5f1e385f0a5fe5458f52e
0x3987a4cc9fb038cd0f53958e1f83e8660e89fc9518298c961875e256616b2d36,0x1999a92711cf8815b7f6b07bd34b4287d853cfba
0x7d8ca65c57bd401a04342a21a74729df1e422e0391565a002a5304de73d2a213,0xe8e611d56297adbe1c1c0683261be58e6e4880a2
0x7dbe3c841181597235982886da8bdb73a4348a36a89973933e71e0f7bd2bc650,0x92425a88c18ced9cf3a1b9f686e4ceb36e35c7a4
0xea2606bff3947e83c5294d7774deaf192fa82f646471a9e5aeea60bd1938c6b6,0xa5b7e5626fc2400ea3aec4bcf1c50210cefcfd8b
0xe849e0b77f7d472707326a3c5a49fd801b8bd77c19cf62c152e953287084f9cc,0x16f378ebdbc54882611ad4a02929eff4b5d7d452
0xe0fae3a20a9687c872a91ea1deef772e204db0ced9df49a300ced29b8f7832a5,0xc016e4b42f80050bbf1d6244c6adbd0b10fe93c5
0xcdcd6b3099588b514a9eec479d32c3bd3ad7e32bfc45442d86ee789bfa66da01,0x4b2b1aacbfb0105335f178c1b22d95e400edf52a
0x149af4cfc980e0ea72f9368ced3a70f0dc27a5f6fc2ec22031672999e1c1155e,0xc2ab58f9a8fcda9492e3e8301336376437f0ccbf
0x52e1004d61d296ffe910f99958ff96c408a7f1be420aff7496a90c788743772f,0x9e797872f9b4b520530e59faff0fe7f610c44120
0x86a0c212073f9fa25e369c928d888b1b37808429bb1c721ffc8414ef55fa6572,0x99bd687fa335ba1d065e033c0606b1ebb1d4e6df
0xe5d6f1dec7ca0a6bc9313168d27c40b3736256f3b476f23e29c6d45ca4b61afc,0xf88e8bad7ee587e8b574ecb5ce2ce9ab0a7e6295
0xf590f6db4c3522500f1641f3315f494ff52cefb6c93e53e203198aa2f6e3ca64,0x7bce962aaa72d561d71b1a89168d07041249755d
0xe1b52615f0fb8c5466fe2e17867f089448d882b1b7bec346e4d60e68fd6f3afd,0xaae62daebf70d4fcf5797b1f93d2bab90341b7b2
0x82f70570dc2e9481e85ca4cb018346956aed9b48d4d083e43a8b9a903a47466f,0x4884190c0e2d99afc1a5fe4d61faab955d7a4cdf
0x789e329b9e4419ea60982ef376e2daafd037d1e9df0171ce134ddba956882107,0x9042195c2d28b0331dfe1e2d75c4aaaf810d2106
0xebe0c0c96d05bb752794d6a0a82c147d376136c647c7a1d14f34776723462799,0x0be2d298655065e176584f87e0c837f2f475109f
0x3f441f9aa0a44e373e3ea27bef4c5b6ae95fb8b7086e7436e21c51a62a503140,0x2d77f5b3efa51821ad6483adaf38ea4cb1824cc5
0x826ffc079f2ea1eff9c95d8140e4e80479b2fc866399d2adc959b7ee7c92de0b,0xf4bdee03dbe9b0e154d6eb6ec5571e0ec5e2679b
0x86691de137229de88cbd576768848f44ee1c1f6d426447b8f2e597e5bbd2729f,0x0afed7d7b0234310c8a22bdc8417701654154c2b
0xf8ea64e336985ddfca1d3a09a0523febc3b432c03d8ca3f55fc0d61641f19338,0x67d65da2a678791152d33cdcf92ce3b2bb2beccd
0x2e6fe64b95aa732bc57baeabebe022fb253d538d4a9f8f4b3e9d549f891dee84,0x5d9c1b6f2c865b02bd8f57978cd79fa7585f0e9b
0xd660c82274c55f52aee340d360ffeb6e77374d65782dee059ecd23ccfc25dcec,0x5873abba1fc7213de08aa570619919c0d2132b07
0x879ded009c3711d57e7ae38a9dee2af886983559c8321c57745ec0bc70c8f234,0x515090bb0fee5d06f6edc1dc7bd7288440a6e51a
0x72efd50447eee2635522e2de7aa672279c11eac810fd1364610bb76f0e039cd9,0xb3e17c329ab2f5d32a9d7a0b7356af4efcd75a5b
0xfa7d723985f7f43afd5538251185b52fb9823cc9ac30bfcbe12bb2ebaf723a8e,0x2a7c58e7677c42bf129504eb1b6a931f598afd55
0x63af0d5b1b06a2267e226f1a231b85913ff304aff2df89b28b94380bd93f87b1,0x7475cda1f41324d3a3cbf25eaa93cc3909ab2288
0xb60aab5091e6ad7c01db2ce5a7c7db08bdf5d8286322b4292bfd4ceb1a95db49,0x0115bd305885999562d593c94328fe25190dbc90
0xc80f2cf8a04634729d7d1230e5f3ad280351b1b9b89ebac059e9d53a036073b6,0x71291f53683ecb6908c28d0632f9e211779ea82e
0xc254d4ac7f08688afe6c7085cfb0887658baafceb7bff40a4a4cdf7a89ee1ca1,0xbabb543d300220458f1d5e9a8153cf7f62583d60
0x3918071b1cbfe565999c05b6ac801e831d37f7d36f618eb2111faeb55e175a1b,0xed8b27d70a2dcffccd9bf92d8f834ffc0658bf0e
0xeb38272ca71de192f70dbecb239c6bc9d4fd66b1617a8ea153be7db6b48c6096,0x42c88f19edbd56d7f2b9014163491fda7b25051d
0xe50b3892f1a5eda56fe1a6e98749f648c00bbe025c80795bd670c0f93ad3eb54,0x9bc0942f629726c1a29da50cf0792a5cb14d0d8f
0x3df93968845d908c5e0284b6bbb13f755b0fd3858690b8dbcf4420f9332c89d8,0x805a96e740aedabe738d08de78746c9a801f0f89
0x5979a4e88864d60458ad15d1669a09a0cba3c0be8f4b43528b0ddcbd577f25ba,0x9c4cb6b87443cd8d273002257d3e13d1713df2b7
0xf204ef483c84e30488fde57d60d559b358061f51fe11fae67fd6c865166a4696,0x8b202f32762dc8a55b0ce3d1c357af8bb3173ada
0xfbeb352d41c3e28e3606c11c0cb18d01984e3595dedbc300c3f8a5a036c56478,0xf4771363ff9cf9b39b224936cb8aee47e116c090
0x455d3870730c2666a476f5cf9499172d46a09890de2f80c6b6886ebfe50c6356,0x537ae919bf82445a6a4188350c0c14631a5f63a7
0xd518670942bd23adfcf1e9efda8bbe3ca3f34cd3fb5d43e4b7ab52a0e6082125,0x7560b8b6841294c7a849c8feee8be5164799af72
0xc8dde0f047635028c80e942c76ebbc369d94e92622d2ad8e024d60ac4ece837e,0xdb4a0f74f013972b007d4b76ece1b28c2cef7e4e
0x39d75548caa0fc3201e0d4462da0ecd2ffcfb5e41d9b0fab18d6fbf6305daf11,0x67979e64584b0e1de0182526be995260d680ad31
0x920b37f6b02e635a8f000a34c7bc98e8305c3fba4c74f8c5c668d4926a8eb8ba,0x5c484894fe1aaae696662943abc6cd7dd50807d3
0x005ffb9c5afa221cb421ab35278267668cce7e44928d3db4d8031251084351b6,0x0b3b9dcc99f64e6d66c88d053fae44009b032b3e
0x5f89f706862dd2d6e7566d9aee3bc7db42cad0bed012f93e4337aecc79ab3353,0xa79b1db8907fd89aaf17cb54fab919beccfb5254
0xbf9319a8ec8989d3a8db53abbf45ef1c9307d643edbd1f3451ccd86bd6a0236a,0x73fa6886e5b641eb4944e44f124bbb41f85da2df
0x60694220b56b9761b5d3c1c56df2ad97d9ed3b42f78ed56785027db5c2ee46f6,0xbbb95fe8945dcf0886b688417df2680a22b99dce
0x100165b8e868b8c00391c7d818b7e4710ab4ab2be672623bfdb2ab289fb81d68,0xfd2087bf08ac28749a605bb3a9b8bcda3a3151b6
0x0ea17e3c329cd135e0aca2194773078bb01e27fa16a63e64e8a84d1a1337ab41,0x0ba858acd03bec498d1a99b434e29ce4e0381234
0x7ac7f8233c4ac5fd3ae0148162216d89a80d527d3258be8de3d7174eb3c27e39,0xe97e496e8494232ee128c1a8cae0b2b7936f3caa
0x885820b927b68357e1a38203560fd3c195f647b4cc77643011cc39afbb304ed1,0x9bb778de671a9d319f54d34490834edc17e9bbd3
0x02c67c9047c096b030a7210a45eef33c77642c0d46c1607886ffca9ecbeab2ce,0xdddd22674a285a58125a4579d2b7fed1ed4ef8e0
0xf5d45db9f1d227df19aad77cddc35b96a808605a63cbe994a475bf9f632a6816,0x377e54f25459a3e53d7174a6fc1a0ad4d0090d63
0x4172fdff36edc276478343e9ca35ff97b807de6e1705b13b0dd2245fd9585e1e,0x76c47b2fb6a73c23c2252cf7b901e6be50946dd2
0xbede83485cf9c0878668603becb2158c508a7bf6a4dd1b662e33828ee8036376,0x72ea7d3f24340db638923cd606c3cea0c554ee50
0x6f0a103aa2122415296f7ece6d08ecdfb78ca893a74a60369bf98aabfbf4d363,0x31da07eef287e2644fdb149a9214d4ada4cfc776
0x1f63b2d288941e0b55147e54cef558da3a4ae366b97bd19c0dbbd9ae361814d6,0x9f042ccce032e22221dff3fbc2a470dbea8e2b16
0x92930d23c69adba1d4f296fb2647e08c263e57544923780c0fa1f5852a99e6df,0xaa2d6a4605acfa6e0246f04a7be3293dcc8c44bb
0x9aba3ead76cadc287aa1c084193c0208e718e94978109a6354cbce548d981a00,0xff5768a0054eb456140270d0480290a67ec7ff28
0x90c413fc8813b009a2084cfeeec2e57e857abbf98d2811777f6779dd4b3d96c3,0x2f131c4dad4be81683abb966b4de05a549144443
0x0abd8f2a6153b5a01e7911cb1df1bc984e47c232bc83f0abe3b45fe5f87ecfff,0x7cf1fe11c0f800ff202eb16f973e722879dedf7e
0x50e60db35f55924b6bd4213c71814da712c2979f69f65ab51a4656cea2ddd7fb,0x3b29d703bc9d0d521625bca8e542326bc4c80655
0xd8cc69277f3f29b42cfb9ebb1e8aabc8e9f63e60023edefa5172a3fdf4c1314c,0x9b935a387a6d5d1e153d6caa427cee7226839ee2
0x94cc941776ca9f7b1c746755f68f7e60cd8d1b4e242ef5db01521bd31054a112,0x1a84cb84603d045efc7c09c03c4a179145094927
0xc1893b71353405f66aa7fc5a260dea4b096565e6365792bf0253e76c577eddd3,0xe7b7db56482722f641ff05b8eaa5443da63b4e98
0x1c8d075e2c7b5ac3202fa9f9678fa792093da2dc4ec11d6a99b89cc123f50737,0x4fa25d252d442d5949466736d4a634978f61d482
0xab2cadd1b2f0e00c98638ce077abc7cf594d28d3e347d1fd22dd0ed9d2537c91,0x19980646f562f052ceaccc1a26c8d547d9444534
0xac63d46b8aa3f79b6cfb84cc27c0943095aad25746466adf87165639d738e7d0,0x210f4a59097c5e10ec67db9b03cf35332a9aa0cf
0x4f1cf6c57d938538787bf39173c439289ad5ea869c8e6f55b5c6d4aab1e59c3f,0xc9abc35ae7ee15309d835263ed1b9124220d74ab
0x99c7520273c2ff6a14f2796413341fe922f1e0714101a0788947598c62cf6057,0x9db9c3c9b729da52340183b75031ed6b9b0b535e
0xe05192c19754ea1afecb42a0018e999846780758c0c34d7843ad20cc4ea51906,0x18255f76a9efd79f39e13c9da84922946f37e3ce
0xab9ab17432e865df6fc261474ae69b563e9ad168dc20df7aaa05555d72aa7cd7,0x3f409da529cc9a1376934f14c5e36cd02c9135a6
0x35a8b6ed1dac23cd3f61bb081a8cfc362d75d000feaed607643a4e2fddb38349,0x8b5728669f1ff5bd14047d097ccdf0aac1cb25f7
0x770452ae12635d79e5337160333de6a8db190fe3136d39bdf203f99cb9af8fd8,0x50326f349787128102852645432af908c4b34691
0xc88ac280e16547cb863be901608a9207f8e8fc3d997847714c329eb15c9a3777,0x6e20a5e1efc75fb0858538a7d0ca8b937f685202
0x750a9777c20710a4795bc4c9b9affbe53795947b19b80a55323086f6ca36049d,0x1ed488e62bf77aa36656eeb97e163e7f47bba7c2
0xf944034f5586eb0b75fa4a78aadec30f9c650109c56ec88236752a56985ce20d,0x0a776842783488e2b4e1277e98c05923874bfa7d
0xed1cb816d8e40a7b6b15529291e34970fc595bc6331a73ba7c6ff1147029935a,0x0e5f6e67099529557f335be9e2333d90dce0861b
0xb3176aa4ece3a50c4ef4060f43bde871ce08fc8d0c4274e8c6575b58d26ad3c2,0x8d71a64e8c8270116315709f08660360b1beacf7
0x7199d9bbb8e10dd9cdd66f3900acbf075a7bcf7418c7f89109dbefbba5b9f238,0xf21a813b7847b6e912fb1ee6b4196d6ad4f7350f
0xd28fde86e887df82bb9deee0ae2e955d72f7ae2575bae2df7338e3ed4643a2c9,0xa4251ea8a5e71d3f10e3dc224f073bc8a61b4bcd
0x50617780f0316fbe0e518aa4edf82e964d4f44902229f394e16dbd0a0540fa1a,0xeb3c1f8aff47c5fb08f4eb813ad04a651fbf7543
0x8168a00d71f3c24e0d8a9cbe5cc7ceada8ac0b6a38bbe88d4a9f7761b30d053d,0x74d84d49b3b2f5170a82ecab06cf8629e5239efb
0x37196e3a960f5c7c2ad143fde9edf928dd1b85dbba35023f85a5f5b9a14907bc,0x23c0024e9d91b45420c94d2c4dc9c1e96ee8be0d
0xd5d2bd0d7a571ace4fa0efe91aa79629b47b47d8c44739cab6e684f22bebf0c2,0x699edd7aface2a5b694a52416c8635f493dace05
0xa73ab9d6d529ec98e3611c6cead8ebb9639e86198db33cc0af471055c7511c8d,0x20ec84c46392cb3ae6a7925be92f597fcc7d88f9
0xd3d92a48f36ba22197118ba16eadf09a24a829192e0ecf629aa88ae92dfb8012,0xdd785d61aa140afaa7c4c69166b4ec1c09d8f37c
0xa235643c07eaba66aa800cd490d27125aa19fa56a3394311b08b37ff27bd8fb9,0xd7f6b167414593ef9d5a248ce6622df9531f67dc
0x58c897d5a9bfb7a6a3bee691e97ced97c3f1996567312b78878413ccbe581e82,0x70a314daf0f23adc4a5166d77d14b4b0fe08caab
0x04109a7e1105a3c529ea594c49d090d0462cc99b7547bc433357c2f69fa57bdd,0x92637df9cb3dff55c3e193bc49073db7d3e1d5aa
0x7b019528aab6b3493eff5c2e4f9ac93da541c421f2b4ec10194c4b2a31624999,0x60d5c2a56b43addc142f9ddb68ddc2df786c055e
0xd0b2f3c8dc7915c9a58123ecf3b718e1bf6d7951571aee30787b39f80bb0444b,0x065a78026eba5a3d32c033384246d5b49e531b18
0x2fa14d96105e43109e4db88e9e079126361b7594fe077bc50cc1299ab8d718b3,0x056187e89d8a22cda88698a75448aa8ff8a5bda4
0x280bdf113e1d2ff4f9d4991389d05da1f1c28e085283b25bd4ab491521ed9e78,0xe958598bfafbea2d7692b3dc932498704e11d20a
0x85a86213e5e08a69f87c1d4acfc279ba71c4f3ff754935c4abed694379ffbce0,0x03f80ed11125f72537b8ad25855f907f5ef53c65
0xbdacfeab1faf7a02949335c88c7460085aa11edd9f54af263cd46a315a6ea16a,0x4531d09c51922094cd140ee24da59b060a0ef795
0xa36a21f05a5785645b47e06acd080f61d19a38bf3c0f6644e7cf6109318fe993,0x33d3a202c31a448a877cf3d1ca57610266700a4e
0xa3f764c2ef80b0350ac46f88f65c713efb68b348623b327152bdca3a5895b557,0x6336d88238075052eb79197c3283e579f0156e48
0x095ed47f38c940fe2ba8c52f54fb2cc32cf3b5fa68b41992e0799ffb463f5ebf,0xa9e64bd15dba7bd119dfdd7ac858a4deaf674bfa
0x1c54003851627e4b810346104f07724dbc4d74db32d0d7fdc166d851cc77bcbe,0x05f2e0865c1b8f9dff0c79264987cb4110d8e3ef
0xb8cc084ece81535873d7b689d1619ce79d2654742714a0a243adfaf406752874,0x950f87e3561e56e961a00de273bbb376bc66d7ba
0xf388ddeef3ccc467a36105cf832d55e80fc6258234ba46ca53d73c6bab7d184e,0xab55ba6f172b74a7da7326f0a816d4e0b9ee16f2
0x81c42d19bffb626ee2780bf496c8621df3c82dd2b3e57d4e2bb25fbc4cc7c480,0x05478175ad12226e56ec77dc82b8eddc0246135d
0x10851b7160978aded8511aebf4253522541535bb30008568f2a19239af2fe38c,0x01d0620a053da393702b6fc1c66fe78ff5052784
0xecdabca9418c56fd2a4184eb52b0bdb8a1b7f75a61803e264715f3fa36f2186a,0x811730013e801dadd5d1de0542c57aa110af6643
0x7667dafbbba6e366a371c96c7c116674160a1f9f42422ec5f847195b59efdf65,0x00c4a73f10b05228c64e971cf81ae84426a64780
0xd1451dadfa9afe40fb55220890ee7019f3443d074bb1b5d971816c79596a1c01,0x94c9ceb2f9741230fad3a62781b27cc79a9460d4
0xa04bca0fea986a2b9097e0cc26eeab8a828c7500e0f6ae7ace298a8a90e15154,0x7269c9aaa5ed95f0cc9dc15ff19a4596308c889c
0x8ac0e1e52da90fddb924322ca684652cd9ce13b0881bb007bf6b0d0cd9f3f0aa,0xebec826ef37bfda34b3e575835bae6da9db5aa14
0x1ea6699ddf76c84f748cfa83774934592eaf8e745d0208321877f40231c9f9a9,0xaf00890cd3e6768596a55ca4e65a36864b213b65
0x10df685cafdb98e94d42a2e11aacd14d67a3a2444df97aa6343f3cd8efa77f09,0xbd811710cecd57e526b73ba373225787a5f0b41b
0x213ba573b0bac0e6711563e317ec57292881b8622a529699efc9054e1c12832d,0xdd64174010e6593795daceb6333045136decdddf
0x7a615ae900d7790953c2d2b288bd9c8f7bca0ee747cf519d5b921cc5ee73c7ee,0x2911dbd78548e3097f7523bad42622c77d31545b
0xac0a0003da8de7246498de21368da6940439a63270c9e492d3ff7ad05e6e86a5,0xa4009d8eda6f40f549dfc10f33f56619b9754c90
0x421ea2e9e5b07583b740339a36c05fe4b97e11b412ed672ecd455f1aa5b6f8db,0xdf7a2593a70ff1e69b5a20644ae848558a2f7c86
0xa3bc2f7e6440f764ba2a423f229bd6088e78e4f21e39f1aa29da834c4545483d,0x976d31e1c2ef9361605b4c69f86e0a170ebfd0c2
0x8bb778c774909369398fdbbd98b03d6b7b69ed32d93f2833a4ea1181bafc42bc,0x404e57e343556158f1bef099069bc59fd35cc940
0xcb5689e0f7a49b83e94847a1749801613267212bcc143099c0e45d781b635dda,0x270b157a6bb0290484866383e14c1ef9375c6fe8
0x2744990700ba88272628ba7189bc1afbb56bf68e503e6fd7a0060fb2f71a5018,0x0d34aac34be3c1b4928e1574c1263ada6603318d
0x038fd584e02505d87bc9b98aa2feec35050b6018a39cd7882d33d377b0a9a80c,0xcb55ead841ba1e1f987b4d8b6874d71c304124f8
0x0ca40edf617c3a754e5d7a98df38cfa5aa2f1cfc45695beb7882ce93422eb291,0x2034437801b62ede275210f76e2d4e77d0198bff
0x87fb2b6661bf01b38f1a858b2d427031b8d8527ff78c93cb694c58fde35b09aa,0x9246c5d193594fed0a838e1b86a328772125a2f0
0x5b8b435c7dd6f97e83562938eb2076bdcbdfa1af50939982e7df592b14c600b5,0x9db0db8c4006a793df00caa6416b993a3ba90192
0xf4ea28e185d08c85055359cc0c1023ee44bbda522da3eb89d4e82461d6f73436,0x5c4d2aa807d085b85d6b2b139d10f40455732b1d
0x91e1827201c64dc47992d0706832df28b51c62e76b039aee7ed88e7e97dcd42b,0xdca02198656a70982fa917cfad1f95530c7fdbaf
0x5fd7d7df2731bd9dff7a92216672d89a970e479ea366084412786c6c1353fd91,0x79e43c44d5509d00d584000c0a6b1e9e62609f56
0xa18e71a8336c59bde926e609c37117f907c1c508851bb518fc9e7121f9c955b8,0xfd88f051cd53cce8999473011d289961a5cce5b3
0x72d1bf8c144f2ea255cc5fd3713ab835945057131a9fac52d6d13f7072b8a59f,0xb8b8fe22fa958b4b7b1279ca9ac11f9036586a3d
0xc6899316812f21821a63aeec372546f3e1f08aa448bb44001693936900a7f4cd,0x52a12ddc5ea502bed78303793b155e74277b12c9
0x403a01e5f42b631c3e8a7aaafbd3497243160760fd2d206f879aa9332bfa552e,0xdee7bd44f02189fb0a8cc9bebf95fad933a8ccd9
0xdef249c93f2de81bd7d1e638aeb2e2e2fcf3a56bc1c9e9139151ef6cef1f66be,0xbe4df57408cd46f5ff38af45c09f206ecdb96017
0x8aaefdfa67b2892ac957d1a05ce9a43cbb162f503a66fd9cdc97c846de8d785c,0xb97d3e98a1c607aae7784cc2ddea3c77759e82c6
0xe983c366ec19a9ffe97ae3b39a34160d643d898bd649f58368d2366275ebcd47,0x8ace11f784749fa77aaa124f3a67f2c73f16a6c7
0xd2cc997f85811aeb8bd43087db1a74fac8ec4e8aaf5f340fa850c421b825ece0,0xb2ba5a8e385052242f28cb5b4dedcd8e8fcf2476
0xe4f0f6715e43266ba479b486fa0b623f32847932cd6829a209eb42c2d5a74341,0x1b3486487ac6ef1e9cd126160dfdbc322a7cba2b
0x1523738a369abc5a9fa9f49422caab6a4ff42978097fb02b0664ae3af7d00471,0x35f53755ba9bc9160d31ffe86bcaa9b1d187ba71
0x49b3a26fd5669be737df30bb77334a235021f6add541d178d7e47de75a7f9e2b,0xcc173076d0f082651169fdf3f6d02fc0daab0976
0xfebbdc349b77677150e884eda07bab3999044ca612065ae9d1a8847bff2bb71d,0x921f79acceeee39f0f828c45cc7d30a0fd144560
0xd1f356fb2680891e94d7610d838c97218267c9f6cf9653c98bfaa20c4d43c7a3,0x5d1d26bc8204a3546fef626d3a8e10d8166b1a45
0x77d2bae3e652158cece220a85d46a278eb888689832d74d1b668feab24c75ab4,0xca0d99834c4040498d7ad17c30c8def90e5ce58f
0x847173e695f88faa4485409caa573dea311629078e19b60eaeeac56140a7402a,0x98d1ee38fb137ccd42f46b52b44d5f2e36d4a66c
0xa1ba8ce2e546af22d10cb8b4df54d8d90f390becdf287fef70b696ca7f60b024,0xd89b16331f39ab3878daf395052851d3ac8cf3cd
0x5f4a1812424e2b95535a7e254caee4885b64a60edf7973b553c208f4b0d602c9,0x3579fb82f7c22f19d62b170b482766d0d11dbd5e
0x9338f40fe5ac95faa86da44323db6f8d6751ed961f3afb31c743cec12003f1e6,0xa66734d48d564e4e1c016c8d2ea2e9131b41c1ad
0xd303611c9dc4998ba71931d6aebd8ad1c6bd4060ee6ddaef35d4a0c2a8353e80,0x63bb9014a6d8ec1b56f18563c60f4a954fff9e88
0xad41a98d60c2e2210f83feb4d39c1bee61922f633441b9307771d1d28f046aa3,0x6be6fc85a0a7963909ef4572fae4df1ef100100d
0x561ed0acc9626c8c1e7a9024e007e456e31c8b24ef0579455e41150d698274da,0xfb05e9574f0ee434cb84c8e963ca67dcc4e9e5b3
0xaf560931b9187bd00dfaa9040eb3de1d1aa8fd800999d6cf0c073f36bc8f75ce,0x3870edfd239cbf769b87318d8791d74dd9e36e77
0x8dcca5556717c337bffe7754f50c7ffd3eb80baa77fc2b7675d79b8d48b3f479,0xe8a1edb81b45b8fb8f5049f957facce779a45d22
0x28d9b5a0b722434f25c75b330a29ce8883e143bc93cf8b7ab8fd103e0463b185,0xf373a10d21cc4a9f84421c69ec2d9528b6162012
0x68a563458def02f462f32971d7d85ef5974ccc3571276714ba24b8458e881ad6,0xd18a0085989b67788e35fc1f8a439707a7639d46
0x5b29d6d23ff8f3c347f73ff642ea454c54eb4ecfd5ffbf9b518d1f6686e04045,0x4af337126bf510179e7816a064a86b6ae3d449e0
0xe9c5f5f7e9cb68f69da9aa8a0a5ac9058e54ec5073c1cb6201c17b5de074ac8d,0xfe45a3d08a98f64230fc103e4ea09536bc1de3ca
0x81bca4fc11668fb2d1f2ad1a3c566fba87e4f88348929149b4ed79377b7c5a09,0x2f09f2a8c3f21a2beb5c3145c626a3405c397172
0x1eb0debedf3bafaa918ca74fb0095fca82c43dbae487ec59a52c2a2c7607d043,0xadee217d28dafded3d0c2fdc821d9aa75b3f8712
0x952c91cc94594a8d36adf0e4904d4a343a6e6244e5f31b3bc99c113056b7d01f,0x6d2665089d7030ac0d8abdd2d179e14df9a7cfb5
0xe15ca992f78bed8c41092d5d7d1b30b55bcae59f5e2eac93eaa0f763efbecf8d,0x0f97670b863defb863a6865fcca3f345f5e6eb67
0xbe4bdf2b8e07b48bf040c2cd5761e9a6fb9fba39ec1cb8128c94fc34d78ef2ed,0x6ff093dd03cb980115e27694b927435dcc71962f
0x9d209e878cab4f39f704fc117a0a38c7854ba5ffafa118949cb2b9d9989fbb2f,0xd9a36081b641314a75cc030038428c41934f518c
0x4a2122c99abe26b6216c72faf0a4e00d00d29f89ec8f47111bebdee7dbe36d3a,0x3483a25f884e5427c65486d0e73dbb4018bfe039
0x236a8ad8129760735b787fdf16032d0e01b8f4a9acdde10ba2f6292b3caad629,0x0832de2df6a4cbd9bb7962ddb2d0e87a325fc4b2
0x8834ec437ca0e0004ea0a2e123645febde1856e8e7a484e884bd2bb9f6b71fdd,0xc5777c638764f6c5d8d85db2d8f23a59d3087e64
0x586f4f0caacae35a8513c6aaaa597bada47545fa286ba90ff18f458029c7d5ee,0xe2b9ccfed8c39afeee0450cb098d9d0f9a6a0299
0x9cff6e1984d7bb1fba7cf99767cb1f018659728d639bf851b1ffee2c025dbf66,0x9300e4d9aa61d0445efa6c350cd804e044a1e63f
0xb0da972c7fbcda8b416d7f8f826e84b39e67054bb3e75fb908ded6743bd67471,0xb55d4ebd1772dfc2ac4adf07e1803fcd2cf34d2d
0x06625fe21f4e517b39f5a26db2e9b29541fc819b676423f7471f03848313007f,0xbfa5b24a70962c6cf4cdb1e509e9d4fd8521045f
0x20a5b5aba58f491520f576d42483561f4c609d88b3c43d982a382bbe394b2296,0x49250b4c245cc3aef1e02373d04c3b054c8209a2
0xb654d8b915dcff1632580074d24aa3c3c219c585dff0ca7d2d864716bb075398,0x22679b11ddf429cbcc3fdcc1c2061b82c985587a
0x2a0db15a44baa6eac4de702db428f048de4592c46afc214c3e078d82fbbc19f7,0x6424f74ecbc57038b485b0828844301456008122
0xd84e663d24264fa611664c7c8f82690696232d110f645453fd18625ff6a44d37,0xec3d5772471c7efcb59a4478d4ae09060dad0591
0xa6aa9d01f1ed4ae5dd7ef62d428e454f9e16049bab98b458ba8cb7b6365e17a6,0x58ac163ad6726249e655cb100f8bb7ce0357cc5b
0xc4a56cc91a97111782452ff2d20717464fa8da5845eb9b0473dce4e428a90d21,0x97f77a913a36b02ef69148b3a407c86e4657191a
0x18fa03e45d00c6d32cc81298a2b406824922d6511d76cc8f55604784616ffc49,0x415282ac4420d3c3c2d4111f932bc71d6d385fd0
0x5bea31407930d95e523a1b6ef029d1ea16f8678619b459677e80c2b938a77ac0,0xd9d5dc8697b28f54c87c0ff580b91a315faffd42
0x250c6847e071dd91ab81f5852eb8091879a2f1e2f94a1f49935df4396e8325c7,0xea1d9ff9ca23d72ac3e8e2de2b91a161b8b9f732
0x0f82d3fbd35f22bdc56d823d648fbe20e6698fb0e92c5abe896c7dee556b6d52,0xfb5d1a0d4c728ab9aa80f926bce087a760b4cbcb
0x03ce192b7663da53f65199b9cdaa46ab9f7fe99dbff23688b54a2c5f0f208973,0x4cd57e80d9d240eac120c26d49cf1b7e2217992a
0xbfcf82725de724f3a5064935267e9a24bb52c09340e7c8940142fd8242b6c501,0x00d0a61c5cb78f236a715fe08a6bb4a72514f460
0x21956652193b5ac9cef032914598f2c3d19e9f2a33c105415fc2020cf6227258,0x1d292afdcc5b8ba45d461afccdf53bc338dd566e
0x8fdd207ef7b93f5271f0432301d33659ab21098dfea47fa557bd33a79fd2d02f,0x0e1e697e597052cdeb768159564af4bc6917dc81
0xba490541b8f5760ad81c6858a9c99e164ab5dd46ecef118b507ea332321244bd,0x0e050b2b7adb2cae5e8593e280ed5582953f9ad2
0x67f435b62ceba62d878f796002893af7d154a8ced95173cc44dcdb01da71a979,0xc88f0f45bf1fc9c77a54a81b8faf380d2456168e
0x6f16b7cf4ea98ea50a3f84c7ef88688fced8857b566926d6f5d3460a8db7798a,0x2afa3a4fc7e85ff0af0b8bf99e675a002d284ce1
0x4bde0ad489aead00d5ea02c30a4a74bf70bb3471b33cd4d7ef2b8950d30d3849,0x1cf4033841bfb456eb7490b34df31ec23b04b88b
0x0967f7e58d727a0b812b5befbb82d8eea4669f451853c9ece5cc93f746ebf846,0x3df6b053fb7d82608ad931fd50dd35d967ac8ca1
0x181b9a048e6682239ea0144654d2a52fad5807f1e5899fae1569d493dca54194,0x6fb004f6585ea1dbc48cd17c64a61ae26ea76a33
0x93b03915373984930150efc1784b1e6224ced8eb32a4eeab42dab0c3948888a7,0x011671956844f31620bb8b9709f32230186a307a
0x4a1f05a2a0afd63a671720db886f1f98cdd2211da7b97a5eb343a94bf515789f,0x3f27fd0ae3c84911513bebcd2d812575bd9c3aed
0x7ab13fb38ab4a8a8e9850d8afa32e177d1cad857dbf7ad8dcb81af8a12432af0,0xd730b767c9b6f1489949f8284bce4e90355d0360
0x3fdfc48a3c2f49543a8644c15d7a03624d68a8637213626d1ebc0218e640fe1e,0x4b49cb19a31f5028163a65cac3b19a76bb54cd4c
0x92d9ff72aedfaac6fdc56655d037ef5314543aff26c26920e2794342fa523639,0x6ec24985813a985e1b20041d30e209db38ca1e1e
0xb811a303e8b43f2b990a8ef63069d37f95169fadcdf126359c444e55cc90524b,0xdf589fc5d4fbc44eb437833d4e300b1de4ae96a9
0x1dd9ce57939a64678b2b23cd367729f1549483b1aa61a29f6a0e29b40ca7584a,0x171fb81f102066e1ff575b1310a9dbee1b0754d5
0x3eb7488e64cf08a8e4a3f55605efe2f010f307cfdd91b4ed0c3171decc61f013,0x0b9a59d28869e6e52ae86c1289bc39f63ba92d50
0xff60132d7a598fa496f3b1812e99e5e9d426eebacbc4af8b649a391c6b88e86d,0xac8477812146eb215ff9ec4a0198973300ac4bd2
0x179358d0c380bf24212c419034ea39b7e95a0ba988d87108ec6a7255908a3048,0x990e3d01a70a0fe53fa554a4ba15ae0811850499
0x6fe9a791a26261b09e59e69ba218018dea91e555b7f877239c50d4d8bcb38a8b,0xffe170c3a8fe03ec7f97656b71aeade62af6d882
0x6bb9e73f2a338667076febdce42a276297b3dcfdfd0f9b14a9724cbbeb0b3afa,0x36abffa6255507618e9eb8d707e9fc6bd5457d4c
0x631bb81947aea0f2b88eaf0e24521a3ee1a7819f4f9139e0b9319d6627a39fb4,0x0b211cde9e2420b97abdf1ecd5b063be97543fe6
0x759d9f0a205f3c1e6d6bcfcdabc71471ababa44eee2146c8369150583b37229a,0x227c7df69d3ed1ae7574a1a7685fded90292eb48
0x0a9b9dc11aa94b35270168f6c4ddba5550a80086e7c5f241976c465bec561d37,0x01151fcc1e5006f511e982f712fa71d3cf961768
0x08dd65f09a595d42900a657aa437d60373b49c0716d364a97b8c70392783af82,0x88875b6765f636bdd9e74d4e50bfc0c324387f72
0xdf89f9a518c0c1975441776ea3efcf712057ea5625170d6589bafd56c061fe37,0xd112307e8fe0aa3d2d3382bdb41836a3a8137548
0x6e99e2b3fbd344aa701c946c0c4c2124e69ef2eb9a07a0856ac0bb2c8ef7e60a,0x948f4611383dee03c04cad3583d7af4d1e4b893e
0xcacb5c79501b4aa4843784f94c5121e2dae17c6adec854a821436fec9e7af264,0x2c773492b6292a060f99e28f1c08501ed8b30715
0x6102a2df1df05232cb63ba7068daef2225e5e9b81a3e5c5d0f5b04f4a1ee0755,0x95db40dddc74371e13fa8524b48484f8cb327bd6
0xcd8a0da3cd382dd94520594cda7904344da09f20ee63a0632ee40f6317f9900c,0x0cb8af226d28116f01c85324b0d920a6128178fb
0xa92d303d6b7d17e93df92386fc81fe6952113004ff4558ff7cbd33e42a3d426d,0x9ee7c611f1ed588363ef18d90543349448ec4c6a
0x2b2176c9bc2d15e90703e3db4f7e1a06dbc9b902bb6f7713bd9f88d3eed104ce,0x167c0a0b9aeb4febe50e965db6293bd886c91322
0x4958f57d3a7bcf760f03efe5e2fd7e639494bf983c98d828ca02c82a6c4a71bb,0xfb8f579548cae10d7f021f6e0c25852c5be71cb7
0xc8e1d94679b965981e28ec4f5c298a30aa90d70414d1fff3327d2bb2f8ad7ad8,0x332f4f6a1b871f2572958d733d5df77f12b20c08
0xbed0e0b632500b4f9bc573c28abd0aed829b94ce76b902d09b55ce70b2ae5659,0x88ada4bcaac711b36ccf455cba28950a4c6fbd52
0xf61227d6c18dd79fecd4acecf0e3cf6fad50bf1306f1df6f800427fc2ebaf0ed,0x32920ae0696c419338c928f4fff60a1b808bd3ea
0xf81e7772e4a59df7007000e05bb72418444b603b410c74d9dcd27241b77e670e,0x33b4e343df9e00a9c7932ce760b4e015df33b4d7
0x590de4ce807496a39a6c39793b999fd70b51a041c60328ad9d1d40d367791a4b,0x281758bef01b1226295eadd164b13bae020f7c27
0x81679a03bf41b471b3e4b4673502b0b550ff47139b93a659bd11af408449d00d,0x68060cd4acf7f82c5ced694ee786b8bc0693424f
0x624afdb24da7ca5f63bc748e53fef6de6b9ea68e41d834b3499ba0d541b8d3ca,0x45d98053dd823fdd585898617a5b3283baab7d81
0xa1785a274a0b0aacb69708da52b97a8c44951ed684682391501f8dcab4e3c75e,0x36bc2130ee4bb24c75e4980e115810ce0e873c21
0x0597983558898f19a199fdf30868c8e4c1247fcc7a11b4a87214c853d8c5e064,0x03b1a9e8bc6cbe4beaeeac277a042a584fe0af59
0xb210612a3a700bd88efe6a6166503b683b09dcaee6ad4f8124526ab12cfbfcc9,0x6e003d93b28175b0ff402f623a1305d0e4cd985f
0x610ccc672d3a521307f9be342a53c8391b782608f95bf48d1400381dcce0369d,0x6237a836f5138e47bd6bb184fb4bcce7aad972a3
0xfd8b9721972987559a24d83f308413a99b382e41d869ede5867a00e3fd0c7f2b,0xe094b124dbff6e6a1905c4ee1c8dd65a805eb7a5
0xa041993ef5834c9d92d4cd903cbcd4f4decdc29307515e97204d0a556e908f59,0x4e61fdee7f89940199925ddb0d95b71a19dfb629
0xcf56222aad98565e9575b61fdcf66e281d202f241f306ab120e39510f8287054,0x7663c0e072d91bb391be414586c31359ecdfee06
0xcdb4f395df261cbf4f36b82b9a5b0d3f50ed5cf001b41dc5915b37b54f3a5122,0x606babc62ea4142ca839cb18e312297bedb12c27
0x264f1f7461470b8c822b96cb004646104fb5d6bc9126da06fe40d67d6b2654e7,0xdc9525a6e02c8697558a848b883c3e4cff4eec0d
0x3fb85b3d0bd2776f640a789598fa42de50859be82d6ba701c5c8e2801b96b09b,0xae4cceb87ec5cb90b06f94fe39d435b871ef967e
0xf21da06c5ceffeb0a92d0b4937c779869bc387f6f87bf33c7e7c3cd8cfdfecff,0xb7e1ea1ed28ee96c69127e408ec5d9c3bb07e133
0xf80b26c382560e6724713dfdfd2a098ddb18c2e60978a9ba070f34ba6abc854a,0xe2e5b02db39ae7250d533a6b590e6cd6527b05c6
0xe0b0892baf870a4799eadf05bd5ec837a95d40cc2240c767b8d7f7ca149fde31,0x5f3e6529ee06ba0ebbb24943d84f0e9c04967746
0x4cf478f27997c6f8ec765944e929f6ac3e849351c30d286b0c78de4ca403716a,0x6bb901c959bc5bc148e5964d52ab9c05747f222c
0x3c71ea1b18b6ceabfffa897a9d0c9ac17cbdd60d9546a3bb4f49dc021e81389a,0xdb2fc08aad83627dd92532094ae44203283f2810
0xb6cd36c40a069554cfa636079868ce218d5b7037307dbb47a9e70fa8aee9a20b,0x91d365c949a0600638adfaed8081abd46fd83b30
0xbdd97f67dfeb8c915ce4a783c3e7f0cd265f6ecc099b9f7038abeb998f58ff07,0x4330b9b4313b682472804c39dc33636d11e14ab6
0x37de5f142c79a07a499bed8fa1ef46c42c56125ea46613a318ed86856154c3e7,0x055c4497506ee438c6f7a73a8750561d4a334712
0xb60d27b19fb85118ac869d8eb6ac6f34b67b7d2b8e9e699026951a0aee71fefc,0xda6e1225a0241c0fdc2e912bd76d70056bc8ac72
0x1e258ab01453aecaaf9d51b964264016aea068d7431d5480f85a76ae22fe9ec5,0xfaa2e20473d8b132c0d8649afc56182b75f0fcbf
0x9692a996957dd4e6c877b3840e970ade45bb63d525771ae7c13f159051840e4c,0x7683fb13eaf69b4616559480fa260246b77a730d
0x19600f6483279ad4503d8c0c6a8edc2a13de0b6166e71c0f1eed0084083d37ca,0x6759d6af2615d6bf0ce9bbd9ebad31b0fa5c87d0
0x85396f3984c403dea36b4cd9bef48870bed5c7e9c4b15fd7a4b5374c2e0be82d,0xd21c77b4e51a6cca9582e3cdb452c8a0a439f6fa
0xe0daa7e4a467f3d56c072c05901b5511a3ef96220aba893eaafb9fdadf318f43,0xf7446d097b263baf556ae9a11c5c20016dcaf5c1
0x566129ebb298f049fc46ff61d485501e33486342a82b3f527bd35af4028ca735,0xb603b3fc4b5ad885e26298b7862bb6074dff32a9
0x3a55f62924ae71f660cc9919ae8960a6b3d65846236641c3c215c204b4b236b2,0xf4b0e353d6ff442f5839e2cb87bc69b8a16c9e98
0x2d4348e259636e09c1ab18a69a78348ddad42ebf660433783def5394ac696dae,0x2647403d9fd062911975d2b34a9cc086c0406f57
0x6cfb6bb45c89f6c13a1c82d5053c6e3f6d8b50e9e7e650aebd5bd45920bdce94,0xcde4f75bf93d9660682ba9e36aac7fc709de4efa
0x42e6e029719a4909670b8af31af7443e4108fe625d1b5f7b116a31fe08d56458,0x1f104e7b11a6f5b4a15a438e0a107954afd7769f
0x571e1db9a956b13478f555b555db9792252ca0e85e245f18acece5dce3c0e15e,0x0128c23fdd8aa11007e16b6fe7bf65a6e8c198b9
0x8d6b6d61fecd97cb4536cd12a5f041c7e5e6412ce03fa53bf107126a1e6d31cd,0x24fd9bc8b2e984062f7e9a8abb5ca46a155c2c2f
0xfae388b894971cf41ed713b33cef04be40365f5bce569b60c4a09d87861cd53b,0x64d106246d986e9a403a1485a9e0e47e2ae8390e
0x851d8ae1737c776af022feb06f44de7382b4d22f2f40771e3ce82cc192338662,0xf7188fabc798d89eac5259fbb0bc9f3505430eaf
0x367d1e3f1da9c38171c7bf633100c93694059765d14612485cca1c000ab69698,0xfc9a95101e7c4034989cddeb062e906d93ffc7a5
0x40de9260fc5a816e38ef8a194777bf5cb5b4ba219598d095c2d6ec6f739de2e4,0x9edde862c41c5f63c71fc95b614d1714246109db
0xe442ed4c8280ac4d211bb3dd29918a9aee60cd1266886982341f97bbe21e97d3,0xd3ad2b0a53cce2ebe6edd818c5d651806f638d47
0xad5f27311d5bee32a96d81e3b9a3500604989ed4117e0d1266f7f0dfbb171d08,0x32becba61d96306c581b5cadfb5319e9fd509f61
0x2fa4561b74174851ba5fbe308d402d7c9b3ffab312a22938480ddfaa8d86b946,0xd5218e702b73877724574384d967fefe357f432e
0x0edd6c906006281fee989fede3ec9cbc485776cabf73eaadc1a43860dcc91e10,0xb361ca802caad6f783bcc5138a36101072997e64
0xfb4aff1230cdfaf6df710fc614cd64e15fd770177923a39e5c6928f27611d7db,0x2c7cc359a029ee3ca7f80bb64e70d77c16630461
0x8853c4451a2b743edecad2feb0bf47de8292ed19a91dfdfa6b8dae6cee4dc92e,0x3e1f074bb8a6107466b22fed9e3ee5373564430a
0x9721d91d807baa8a835c5be6bfd2934d9f97995d86471d65f93f27b72b72b382,0xa8b42c82a628dc43c2c2285205313e5106ea2853
0xbddfe30c7f328c7638b242f722dd2f094529b2934fb3cc913e258518af27380f,0xcb3ba9e37933979d4c4ef12accdc2fc49355a9f0
0x920714b41d127a829d838bedc9179411e9594f14af5fa608bdf9f82050b7118b,0x1b81cbff9d57d8c0a605200c18c04f59c567d801
0x5d8cfd8a3c731f35e69698df12c81301f6eb47f8bb46edabc768dc20939dbea2,0xb32c23bd37cf986daa4f145198ed31861d584057
0x2b5ce3740a6dd8cddcdb0ab7b1fc2c2f89e87c390c3e6c7f9bf2b325e35266ee,0x6725b11610c0c396edfb763d24c8b8622bf6295d
0xfa1634a37cc69b38d1054be6bd36174113604b7e5d56b18aa848b6d10960cd56,0x159aaf748fc07eb21aa9726e2c53ca271fc62211
0xc7b60591cf417a01d351c96c6d33b4b3e92044e2d501655ad043b1e3cad2763d,0xc1c4fd0dc4d14258d181dd8163b30bc09743054d
0x4000e173904baa7e51cd6cf7988f4b3a2a13baa9fb73e499c928ce0c5fb219c1,0xd7c7437d18288d68d4ebc8fcd3c9ce6c4b431031
0x8471ec30a501323a0bf9b77c7c263dc2623c07571bc2c365a505c8e7b870ed7a,0xa3a221ae9b47c4216359369771cdc113879d4bac
0xb7236499c9c75449c345383c3bc40935feb67d8a87d8815e76ee0c95162f0fa8,0xe6fe37ea704aa6ea4115f26744271b2887ba49cf
0xaa7393faf0a880ae85cb4a6bc42a9bdd37afed54bf2bcbda8eab6f3f36af60a5,0xbf43722fa6fe4499865d7e9c3566192ef1e74452
0xcc422594577f377cd939023c77531bccdf32ade208d7d3fd1054a1a7f88ac2e3,0x4fa9e6eb2c576ce92cf474358f40b0a3be44ea32
0x4a527ced5a447298249015a541f11c774febbdcffdece4dd38139fa6ec6260b3,0xda281a162cc9f0b36c8d4f3b22d84da9c775ecef
0x94b02a3e97c4f46544ecb36c25f4acd57ebfe96067f6a31679ab3ba1d113c74e,0xc0d922b92b35c7b3f1a5311875e4716c7d913a55
0xf4dfc3305186c98cb5a607be97f4059fc0ae7d6fec38fb64865ddd33c51bf841,0x24803b90c97ecfe82caf8c0545b2a0d12c76db44
0xb2a4f214d2aad6a003bc77e53abd3f43513763d38f6e16bf9a120de829d9ea9f,0xfc0247cdaabc166423915077b666fa3bb9d1ee4d
0xb218735a909916185b4d80ad65e7131185c14f3e1fee830a4734c1c7c1d7f849,0x0aec1fd8923df8a782764cd1ede8416854d97f68
0xa3e0ad1c4ca9ccecf120a14ff8792dead8984b65586e5fa048e01d16f661f357,0xd34d9ad163079bb9ef1ed89987d1d1a651026f93
0x303a13612c07f3c4010cad41225b554abb72cee78dbf97d6461178f5673d2a67,0x7ade688c45e9a86bf5c5f892d86a66c131ec8dab
0x6ca94f827c2be8812e7946b111965053f3e3550facc5113bf55a839b77e928b0,0xee22e8cbff46dc51f932aac2a34745c4f4a26c28
0xd48fbe47cbb65c8011b02622b98188b96cd3b3e1412388c2691d96fb6e2e95c0,0x4bdb328e9735168f9a11b21ab4644c3a4e7acb5a
0x7f2cdd87380b6dc247b1c42df440d61ba7da95efd2627406903af1738c7b05c3,0xdda3c8d0bf7454aae0252d7f1eb22c8576e9d1f5
0x98e38102ff466aa1960df403e7cc9a429a1f089f22b6420246b26ffe88256c11,0xca275cf3b5c9cd4614b56c136f9e276e31aca10e
0xa2915366f2f22739c6a13b38190593126b6533f37e84c34e737e3cf99f78c1ca,0x30cdf72fbaf9cc3276e7147f1e8df2561234fb2b
0x4ad94c3c880877d3878de4b67143a860fb0999c703e30806624ecab723de28c4,0xa9a96c4eefdfdf7f3a9b8fe6fe31697101b4b0aa
0xed91b7b83ae6bf8d37fbfea995d752a95e69dacfd24e2d17bd986d7af4fbb179,0x5f2f947544cb7d4fd5c62215f59ad8dab348358e
0x27a3b4bbd9d4a8d0a0ac80789db604e51596d0113489ff3614f27d13eca4051a,0x6af729685f5d194b2de85ce42dc4bf4b1e43dc6a
0xfaf95152765ad6e077e21dd7af443b5732e88ab3d42010f71df08a5bf0a05a1b,0x1e537e2998665c8a3036ecd9fe26a3910bb89f9e
0x3630c927bec16babd2fc75d7e8fd6390622d547e6845f9052c9bc80f1e6f09c0,0xe218a21d03dea706d114d9c4490950375f3b7c05
0xd8d1fdf2dd1c38df91c030e893276a122f9aad8614fab458533dc645cc407b1a,0x05ec119d78d197ceee5ffb78e0e6aa4a9a1b416a
0x5618757da7ba2514af9a8cbc64c731d4cfef290cd0b813a59b8c4dfe2b185a82,0x8498b2528dd9f88ac2540eacbf9c38636a37dcb0
0x5eb97df33dfda84e56bf71a3aadd134a266c07096ec95c1edfc5f9652fc39a17,0x929d96baf9025f0c54bc6d16c40f86f6dc90ab6c
0x8d13c73547fe94476a1b4a64c2466ea325a6d9f1d40b412a8cae524b2fbf3f74,0x2b7f88c927aa1631425ee967ea97cbd59b68db09
0x02ffc343e24ec288928a98d69af9ad8d5f279bf9f3088804e397861798df503e,0xfaa8453d995e20c949dcecddaee73299b854744d
0x5d4d4960f7e3dbccb63852a95941651db0941c576a7ba0c20a2af0ee9544692e,0x4c6f56f8b6174b0f2b5ee30317fb227f3cde95bf
0xd88227f28476b99315c04302eec33ab668eb7c345d4f6177bc43d5ee5b9f2a7d,0x983bca9885d926a785c58a8d05a8f871d059b728
0xdaa7b1475062543a2222db20ccfecd62e66fd0e3acb60a8d0737c73a115cf448,0xa10f5fd56b41dc6b5f5a8df1b5f4bdfc384bdbcd
0x6c72ad212dc07c5f5ffe22f9905872cdcd31a358d0a81cc11877f1dcbee013dc,0x00f32ef509b3e3bc2a9550a593dc9b40d0b2adfd
0x87545670f78d7a9c38b2a37e51126b6df7f0141ce61b723794e122d8fe0579ce,0xf0d897b371f4789bca950fc16835ea5d8c582658
0x433cb25dd39c079997c926b7e892f080efd89518d967f9319c5a7c26aea678e3,0xea23aff1724fe14c38be4f4493f456cac1afec0e
0x9c2e01206cd7bbbe75e2e245132fb38b1a32b100d3955362f9320a35b63557f3,0x60ded1044f512f346292ae7b195a43848b625af2
0x87242948da8ed3a321777101b00339715267003c12f815847c22d5bc1907c1a5,0x062d78d1d3a218a7a54845608d5bb6ce065ff2a9
0xb6531fb90148d9c4f58c692c1394107dbb6bd984c49a810814a6d9be4db92b2a,0x1576e77318b1b570f003e095d46c38319fb770b1
0x560870e2f9b0b9f225f2823b3edfa341bc2dd047e284ac1707875bafd57e4212,0x73a7d9750f805c19c54f88914db61a254dd17fb3
0x4bb5653e3b364d506546aa7926670e5adbfc5f68f2668eb5f3cc95d56b2c6b41,0x4fd6b0808d0db9880f6f4eda2f203e7ee0edf35b
0xe75f0f4d405f817973b141d52ab1c3610075d48db0aff04c984dfd6e7731edfa,0x2a1e7893f1d2d72555409d9d1bd28e3619f7ca4d
0x6f7dd04f2805e05748fe87d126be6c251f809ed552ce09116c0da0fe7e9b8066,0xae5d1aae108a169b1abe93d6d9d3faea60a74e31
0x8c48cfd3940e765af60125796751bc6b908ea1b58ddaa4c10e6cbd6e6c96a180,0x6ac3900a35f492715eb6f94242d5318e8951bdfc
0xa6b88443212dbe03bcb6f28ff9c24359389373fa7a986da44724fb83039237bf,0x8bee639862d21d492f37e66b48b262ff35fe880f
0xf6796ae03ec54be447cfaded3ab4d1e098967ef296ee655635f191e40a4c516b,0xc1cdfedd7b867427bfce398fe74ead11e90fc4f8
0x1bb9b5d1a8e683065935d4f79b63bb013abecd47129f6abfae1196d93d37a2cd,0x0b602cc52d1fb9208dd0a23185d203142d2a09e1
0xb0e764bf2e074adb0dbb389fc8a98dcdb6eb89eda3f3fb2b819ef06c51a1ef23,0x7f9285091a9e2e27c4ab0786723094cca30dd8b3
0x05b48ae0eace83dc1957692c21c3d2fa421ca839cfacb872c94ed8a85d8def3a,0xe9aa9508aa8a1a0df8efb9ed36c71a390248371c
0x822ce2391dfd2984ed910230c1254fc5a3fba1ce4a6a98d94e3b8ebf9c961b30,0x29a14d7954f4f233eb6ad772c49553c78901963e
0x0a37fcb8390b44028c889e800b6ae0c97c60d4360864b12c66db3b58e2d59c0f,0xee8db1b8bafcde36c0023919eb3adb543aa83303
0x9ee3fdd25bd47127fee5ee87321b00d9dd785750ac51935a08d7be93e7c22baf,0xff70cf0937146c0d768f25702627bf9125abb486
0xa34374dc334990e5fa5e1045e1370683348f1560f15880e14d74421190eb6c3d,0xfa0c8195859762a1448b9fac145b8531310cf6ab
0x343fd1d1675857201701357979d17e0fd78cd84d9fe0bb73dda59b5dc3726bb8,0xe770493b2663004b356d3374ec23ea52f6c82ca6
0x7051db53cb8b383142b5a3f3cac0723e32d3d181e59d7e1611e001505be0398b,0x94ceba04563c7159f2210a24952b0889f7110fef
